tier,school,unit,title,programs,published_at,application_start,deadline,status,assessment,source_url,application_url,materials,cross_major,confidence,first_seen_at,last_checked_at,notes,content_hash,manual_review,score
985,上海交通大学,设计学院,上海交通大学2027年硕士研究生招生专业目录（校本部） - 上海交通大学研究生招生网,"1. 联系我们
2. 选择身份
3. 博士
4. 硕士
5. 港澳台
6. 夏令营
7. 预推免
8. 管理人员
9. 信息系统登录
10. 考生登录
11. 管理人员登录
12. 首页
13. 招考信息
14. 博士招生
15. 硕士招生
16. 港澳台招生
17. 考点信息
18. 院系动态
19. 招生简章
20. 博士生招生",2026-09-21,,,截止时间待核验,1. 考核方式以学院后续通知为准,https://yzb.sjtu.edu.cn/post/3772,https://yzb.sjtu.edu.cn/kjrk/sszs,1. 申请材料清单待官网正文进一步核验,理工科相关专业；可以跨学科报考的专业：理工科相关专业；可以跨学科报考的专业：理工科相关专业。基地招生具体见基地招生简章；可报考的专业：生物科学，生物技术，生物工程等生物学科各相关专业，以及其他相近专业,官网自动采集；关键字段待人工核验,2026-10-08 23:43,2026-10-10 14:16,自动识别；申请前必须打开官网逐项复核,d9fadec1729b94db6572e2242eb684edbd3fc9cf7a7cea382a4cb523e9858ec8,True,12
985,东北大学,艺术学院,东北大学2027年接收推荐免试研究生工作办法,"1. 优秀推荐免试生可申请直接攻读博士研究生，申请直接攻读博士研究生（含学术尖峰“01”班）具体要求，详见
2. 《东北大学
3. 2027年接收优秀应届本科毕业生直接攻读博士研究生工作办法》
4. 如申请人提供的材料不真实或不准确，一经发现即取消申请人录取资格
5. 我校奖助政策将做一定调整，相关方案确定后另行公布
6. 本办法如有同教育部、辽宁省有关规定不符的，以教育部、辽宁省有关规定为准
7. 本办法最终解释权归东北大学研究生院所有
8. 联系邮箱：
9. neuyzb@mail.neu.edu.cn
10. 东北大学主页
11. 研究生院
12. 中国研究生招生信息网
13. 学信网
14. 学位网
15. Copyright© 东北大学研究生院",2026-07-20,,,截止时间待核验,1. 考核方式以学院后续通知为准,https://yz.neu.edu.cn/2026/0720/c5932a458191/page.htm,https://yz.neu.edu.cn/sszs/list.htm,"1. 点击此处
2. 申请材料包括以下内容
3. 本人学生证、身份证复印件
4. 东北大学2027年推荐免试研究生申请表及个人自述
5. 加盖本科所在学校教务部门公章的历年在校学习成绩单
6. 加盖学校相关部门公章的各类荣誉证书、等级考试证书（国家大学外语等级考试证书等）、公开发表的学术论文等个人成果证明的复印件或书面证明
7. 思想政治考查材料
8. 注：以上材料生成一个
9. PDF文件，参考格式模板详见系统内材料提交界面
10. 复试考察坚持德智体美劳全面衡量，着重考察学生科研创新潜力，对学科的认识、学科知识的综合应用能力，学生知识背景等。复试以面试考核为主，具体考核内容、形式及安排，关注学院通知
11. 各学院（部）对申请者信息进行分批次审核（报名截止时间及审核时间请咨询各学院），本着先申请先审核的原则，择优选拔
12. 凡通过复试，被我校拟接收的推荐免试生，由学校通过教育部“推免服务系统”发布待录取通知，学生收到待录取通知后，须在规定时间内确认接收，一经确认，不得放弃，逾期不确认待录取通知的即视为放弃录取资格
13. 其他
14. 我校“推免预报名系统”中的招生专业（研究方向），仅供预报名时使用，最终接收专业（研究方向）、外国语语种以2026年9月后陆续公布的硕士、博士招生专业目录为准，最终录取专业以教育部“推免服务系统”中录取确认为准
15. 优秀推荐免试生可申请直接攻读博士研究生，申请直接攻读博士研究生（含学术尖峰“01”班）具体要求，详见
16. 《东北大学
17. 2027年接收优秀应届本科毕业生直接攻读博士研究生工作办法》
18. 如申请人提供的材料不真实或不准确，一经发现即取消申请人录取资格
19. 我校奖助政策将做一定调整，相关方案确定后另行公布
20. 本办法如有同教育部、辽宁省有关规定不符的，以教育部、辽宁省有关规定为准
21. 本办法最终解释权归东北大学研究生院所有
22. 联系邮箱：
23. neuyzb@mail.neu.edu.cn
24. 东北大学主页
25. 研究生院",欢迎访问东北大学研究生招生信息网！；东北大学竭诚欢迎全国各高校的优秀应届本科毕业生通过推荐免试方式来我校攻读研究生。为使我校,官网自动采集；关键字段待人工核验,2026-08-02 21:57,2026-10-10 14:16,自动识别；申请前必须打开官网逐项复核,b06be5b639a47760f03b158351c49ffd077e3faa1ddcf05b6cf335e4f541ee8f,True,11
985,东北大学,艺术学院,东北大学2027年硕士研究生招生专业目录,"1. 欢迎访问东北大学研究生招生信息网！
2. 研究生招生信息网
3. 网站首页
4. 硕士招生
5. 硕士公告
6. 硕士简章
7. 博士招生
8. 博士公告
9. 博士简章
10. 港澳台招生
11. 招生学院
12. 文法学院
13. 理学院
14. 机械工程与自动化学院
15. 材料科学与工程学院
16. 信息科学与工程学院
17. 资源与土木工程学院
18. 工商管理学院
19. 医学与生物信息工程学...
20. 软件学院",2026-09-30,,,截止时间待核验,1. 考核方式以学院后续通知为准,https://yz.neu.edu.cn/2026/0930/c5933a480171/page.htm,https://yz.neu.edu.cn/sszs/list.htm,1. 申请材料清单待官网正文进一步核验,欢迎访问东北大学研究生招生信息网！,官网自动采集；关键字段待人工核验,2026-09-30 22:59,2026-10-10 14:16,自动识别；申请前必须打开官网逐项复核,8a3b9575cb26e67343051c9124261fdf3cd1ecdffbf8d2ee2c29ccd1fcb00f97,True,11
985,东南大学,艺术学院,东南大学艺术学院2027年接收推荐免试研究生报名通知,"1. 设计学（交叉学科）
2. 设计（专业学位）
3. 美术与书法（专业学位）
4. 艺术学",2026-07-10,2026-07-13 12:00,2026-08-18 12:00,已截止,"1. 报名结束后学院从已提交信息的申请者中择优筛选
2. 学院官网公布入选名单，未入选者不另行通知
3. 入选者须在公布名单后两天内通过系统确认参加
4. 具体综合考核安排由系统另行发布",https://arts.seu.edu.cn/2026/0710/c17236a576463/page.htm,http://gsas.seu.edu.cn,"1. 东南大学推荐免试研究生申请表：系统生成，学校教务部门或院系签章，本人手写签名；已有盖章排名证明时按通知处理
2. 有效身份证明：居民身份证正反面
3. 在学证明：《教育部学籍信息在线验证报告》
4. 现有本科阶段成绩单：学校教务部门或学院盖章
5. 外语成绩证明：CET-4、CET-6、TOEFL、IELTS等
6. 学术成果证明：论文、专利、学科竞赛证书等
7. 奖励情况证明：校级以上（含）荣誉奖励证书
8. 实践经历证明：科研训练、实习实践、社会工作等
9. 专硕设计、美术与书法作品集：含封面不超过30页、PDF不超过30M；团队作品注明个人独立完成部分
10. 全部材料端正扫描并裁剪多余边框",以学科和学院审核为准,官网全文已核验,2026-08-02 03:16,2026-10-10 14:16,外语原则要求见官网申请条件,7aa4d138294db3e9f0efc42b3ab6173877d81b773743b1f419ee6dd22a7251ef,False,99
985,东南大学,艺术学院,东南大学2027年硕士研究生招生章程,"1. 原则上我校全日制硕士生均按“非定向就业”类别录取（部分专项计划除外），
2. 非全日制硕士生均按“定向就业”类别录取
3. 报考条件
4. 拥护中国共产党的领导，遵守中华人民共和国宪法和法律，诚实守信
5. 身体健康状况符合国家和学校规定的体检要求
6. 考生学业水平须符合下列条件之一，另有规定的除外：
7. 国家承认学历的应届本科毕业生(含普通高校、成人高校、普通高校举办的成人高等学历教育等应届本科毕业生)及自学考试和网络教育届时可毕业本科生
8. 具有国家承认的本科毕业学历的人员
9. 获得国家承认的高职（专科）毕业学历后满2年及以上人员（毕业后到录取当年入学前，下同）或国家承认学历的本科结业生，且符合以下条件的，按本科毕业同等学力身份报考：
10. （1）提供由大学教务部门出具的本科专业全部必修课程学习证明及成绩单
11. （2）参加全国大学英语四级考试取得合格证书或成绩在425分及以上；或进修过满2年（4个学期）的本科英语课程，成绩合格（须由所进修的高校教务处出具本科成绩证明原件）
12. （3）以第一作者在核心期刊发表过与报考专业相关的学术论文
13. 已获硕士、博士研究生学历或学位的人员
14. 不存在其他法律法规或规章规定的不得报考硕士研究生的情形
15. 报考035102 法律（法学）专业学位的，须符合（一）（二）（三）（四）项要求，且报考前所学专业为法学专业（获得法学第二学士学位的人员可报考）。报考035101法律（非法学）专业学位的，须符合（一）（二）（三）（四）项要求，且报考前所学专业为非法学专业
16. 报考医学类招生专业的，须符合（一）（二）（三）（四）项要求，且须满足招生目录中的备注要求，报考前请注意查看招生目录
17. 125100
18. 工商管理硕士专业学位研究生相关考试招生政策同时按照《教育部关于进一步规范工商管理硕士专业学位研究生教育的意见》(教研〔2016〕2号)有关规定执行
19. 我校部分全日制专业接受退役大学生士兵计划（以下简称士兵计划）考生报考，具体招生专业以“中国研究生招生信息网”（网址：https://yz.chsi.com.cn，以下简称研招网）公布的专业目录为准。高校学生应征入伍退出现役且
20. 符合硕士研究生报考条件，可以申请报考(高校学生指全日制普通本专科(含高职)、研究生、第二学士学位的应(往)届毕业生、在校生和入学新生，以及成人高校招收的普通本专科(含高职)应(往)届毕业生、在校生和入学新生，下同)",2026-10-08,2026-10-09 09:00,2026-12-19 08:30,报名中,1. 考核方式以学院后续通知为准,https://yzb.seu.edu.cn/2026/1008/c6676a585158/page.htm,,"1. ，随时发现、随时处理
2. 符合享受初试加分、少数民族照顾政策、免初试或报考专项计划有关条件的考生，须在报名时按要求填报申请信息。未按规定申报或审核（含复审）未通过的，不享受相应的加分、照顾、免初试政策，或不得参加有关专项计划初、复试。报考专项计划的考生，不再享受初试加分、少数民族照顾政策
3. 自2028年全国硕士研究生招生起，原少数民族照顾政策与“少数民族高层次骨干人才研究生招生计划”整合为“少数民族和民族地区高层次骨干人才研究生招生计划”
4. 具有推荐免试资格的考生，须在教育部规定的时间内登录推免服务系统报名。已被我校录取的推免生，不得再报名参加当年全国统一考试
5. 对服役期间获得三等战功、二等功以上奖励或者二级以上表彰，符合章程中报考条件的退役人员，可申请免初试攻读硕士研究生。符合免初试资格的考生，应在教育部规定的全国统考报名时间内登录
6. 推免服务系统报名，逾期不得补报
7. 初试
8. 初试的组织工作和考务工作由教育部教育考试院及各级教育招生考试机构按照相关文件规定执行。考生应关注报考点所在省级教育招生考试机构和报考点发布的相关公告
9. 初试方式均为笔试。初试时间为2026年12月19日至20日。其中，12月19日上午8:30—11:30，思想政治理论或管理类综合能力；12月19日下午14:00—17:00，外国语；12月20日上午8:30—11:30，业务课（一）或专业基础综合；12月20日14:00开始，业务课（二）。考试时间以北京时间为准。具体考试科目以招生目录公布为准
10. 复试
11. 在国家分数线基础上，结合生源、招生计划、复试比例等情况，确定并公布我校考生进入复试的初试成绩要求，考生须达到报考院（系、所）专业/方向复试要求方可参加复试，复试不合格者不予录取
12. 复试采取差额形式，进入复试的考生人数不少于各学科专业已公布招生计划的120%。合格生源比例不足的，按实际合格生源数组织复试
13. 按照教育部有关规定制订学校复试录取工作办法和各院（系、所）复试录取工作细则，提前在学校网站向社会公布并严格执行
14. 125100
15. 工商管理、125200公共管理、125601工程管理、125604物流工程与管理、125300会计等专业学位的思想政治理论考试在复试中组织，成绩计入复试总成绩。外国语听力及口语测试均在复试中进行，成绩计入复试总成绩
16. 对以同等学力身份报考并参加复试的考生，在复试中须加试至少两门与报考专业相关的本科主干课程。加试方式为笔试，加试科目及要求将在复试录取工作细则中另行通知，加试不合格者不予录取
17. 在复试期间严格采取人证识别、相关信息库数据比对等措施，加强对考生的身份审核及报考专项计划、申请享受初试加分或少数民族照顾政策等资格的复审。对不符合规定条件者，不予复试
18. 加强复试过程管理和监督。采取随机选定考生次序、随机确定复试工作组成人员、随机抽取复试试题等措施，复试全程录音录像，选派专门人员到复试现场巡视，确保公平公正
19. 考生应自觉遵守我校考场规则及考生所签署的《诚信复试承诺书》等内容，在我校复试工作结束前不得对外透露或传播复试试题内容等有关情况
20. 调剂
21. 在第一志愿合格生源不足时，结合我校实际情况，确定是否组织开展调剂工作。如开展调剂工作，届时将制订并公布调剂工作办法。接受所有考生（含报考士兵计划与普通计划之间调剂的考生等）调剂申请均通过教育部“全国硕士生招生复试调剂服务系统”
22. （网址：https://yz.chsi.com.cn/yztj）进行
23. 思想政治素质和品德考核
24. 在复试中加强对考生思想政治素质和品德考核，主要考核考生在政治态度、遵纪守法、道德品质、诚实守信等方面的现实表现。拟录取名单确定后通过函调等方式对考生进行考核。对于思想政治素质和品德考核不合格者不予录取
25. 录取
26. 在学校研究生招委会的统一领导下，按照教育部有关招生政策规定及省招委会的管理和实施办法，根据我校招生计划、复试录取工作办法、各院（系、所）复试录取工作细则以及考生考试综合成绩、思想政治素质和品德考核情况、身心健康状况等择优确定拟录取名单
27. 定向就业的考生应当在被录取前与我校、用人单位签订定向就业合同。考生因报考硕士研究生与所在单位产生的问题由考生自行处理。若因此造成考生不能复试或无法录取，学校不承担责任
28. 对报考资格、录取条件、录取程序等不符合规定者不予录取。对未通过或未完成学历（学籍）审核的考生，不列入拟录取名单公示或上报
29. 应届本科毕业生及自学考试和网络教育届时可毕业本科生考生，在录取当年入学前未取得国家承认的国（境）内高校本科毕业证书或经相关专业机构认证的国（境）外教育机构合法学历学位证书的，其录取资格无效
30. 其他说明",应届本科毕业生及自学考试和网络教育届时可毕业本科生考生，在录取当年入学前未取得国家承认的国（境）内高校本科毕业证书或经相关专业机构认证的国（境）外教育机构合法学历学位证书的，其录取资格无效,官网自动采集,2026-10-08 23:44,2026-10-10 14:16,自动识别；申请前必须打开官网逐项复核,c1f942b1f818b55be7c70612446c9ff1b1291cd1e7ebba83835d92a4ec221de0,False,7
985,东南大学,建筑学院,东南大学2027年硕士研究生招生考试东南大学报考点【3202】 网上报名公告,"1. 东南大学报考点接收报名对象
2. 东南大学报考点仅接收报考东南大学（学校代码：
3. 10286
4. ）的下列考生：
5. 就读学校在南京的应届本科生
6. 工作单位或户籍在南京的往届考生（报名时须提交南京市户口簿或南京市社保近三个月缴费记录电子版）
7. 强军计划考生
8. 初试科目第四门为
9. 910
10. 建筑设计基础、
11. 911
12. 风景园林设计基础的考生（涉及建筑学院
13. 081300
14. 建筑学专业部分方向、
15. 085100
16. 建筑专业、
17. 086200
18. 风景园林专业，建筑研究所
19. 建筑专业）（以下简称科目",2026-10-08,,,截止时间待核验,1. 考核方式以学院后续通知为准,https://yzb.seu.edu.cn/2026/1008/c6676a585159/page.htm,,"1. 中国研究生招生信息网（网址：
2. https
3. //yz.chsi.com.cn
4. ，以下简称“研招网”）
5. 上传材料清单
6. 说明：（
7. ）强军计划考生和科目
8. 910
9. 、科目
10. 911
11. 往届考生无须上传户籍证明或社保缴费流水，其他考生按材料清单准备材料并上传；（
12. ）工作单位或户籍在南京的往届生，只须上传南京市户口簿或南京市社保近三个月缴费记录电子版其中一项；（
13. ）所有材料照片或图片必须对焦准确，照片清晰，照片中文字可识别
14. 材料名称
15. 考生范围
16. 示例
17. 本人照片
18. 全部考生
19. 请按照研招网提示使用学信网
20. APP
21. 拍摄、上传。考生应在白色背景进行拍摄，穿着深色衣物，建议由他人协助，使用后置摄像头拍照，确保照片清晰
22. 户籍证明
23. 户口在南京的往届生
24. 家庭户请提供户口簿户主及考生本人所在页，集体户请提供常驻人口登记表
25. 社保缴费流水
26. 工作单位在南京的往届生",：提供《教育部学历证书电子注册备案表》（或《中国高等教育学历认证报告》，或经相关专业机构认证的国（境）外教育机构合法学历学位证书）；：提供本人户籍页和曾用名的《教育部学籍在线验证报告》（或《教育部学历证书电子注册备案表》，或《中国高等教育学历认证报告》，或经相关专业机构认证的国（境）外教育机构合法学历学位证书）；：提供公安机关出具的证件号码变更证明和原证件号码的《教育部学籍在线验证报告》（或《教育部学历证书电子注册备案表》，或《中国高等教育学历认证报告》，或经相关专业机构认证的国（境）外教育机构合法学历学位证书）；在网上报名时尚未取得，但录取当年入学前可取得国家承认本科毕业证书的自学考试本科生，须出具相关自学考试成绩证明。在网上报名时尚未取得，但录取当年入学前可取得相关专业机构（如教育部留学服务中心）认证的国（境）外教育机构合法学历学位证书的考生，须出具相应证明,官网自动采集；关键字段待人工核验,2026-10-08 23:44,2026-10-10 14:16,自动识别；申请前必须打开官网逐项复核,378dc719adc87454aa0e19408cbd66abbe3278a9a666ee5c0634c5b5988bc019,True,7
985,东南大学,建筑学院,相关学科单位,"1. 城乡规划
2. 风景园林
3. 城市设计
4. 建筑学
5. 设计
6. 建筑
7. 景观",,,,截止时间待核验,1. 考核方式以学院后续通知为准,https://arch.seu.edu.cn/9126/list.htm,,"1. 获奖教材
2. 本科生代表性竞赛获奖
3. 优博论文与优硕论文",待核验,官网自动采集；关键字段待人工核验,2026-08-02 22:00,2026-10-10 14:16,自动识别；申请前必须打开官网逐项复核,e83fe280d27a5df5f3dead95dccdf2e7aa9488afba75c63f96a9107e311f71fe,True,10
985,东南大学,建筑学院,建筑学院2027年接收推荐免试研究生考核结果,"1. 城乡规划
2. 风景园林
3. 城市设计
4. 建筑学
5. 设计
6. 建筑
7. 景观",,,,截止时间待核验,1. 考核方式以学院后续通知为准,https://arch.seu.edu.cn/2026/0905/c9126a581667/page.htm,,"1. 获奖教材
2. 本科生代表性竞赛获奖
3. 优博论文与优硕论文",待核验,官网自动采集；关键字段待人工核验,2026-09-05 12:34,2026-10-10 14:16,自动识别；申请前必须打开官网逐项复核,11103775bbd24cbc306f3afb455002ba89239e3b10910be42132a169b0ac4374,True,18
985,东南大学,建筑学院,东南大学建筑学院2027年接收推荐免试研究生考核入选名单,"1. 城乡规划
2. 风景园林
3. 城市设计
4. 建筑学
5. 设计
6. 建筑
7. 景观",,,,截止时间待核验,1. 考核方式以学院后续通知为准,https://arch.seu.edu.cn/2026/0807/c9126a578929/page.htm,,"1. 获奖教材
2. 本科生代表性竞赛获奖
3. 优博论文与优硕论文",待核验,官网自动采集；关键字段待人工核验,2026-08-07 21:45,2026-10-10 14:16,自动识别；申请前必须打开官网逐项复核,7043f6591aca7f4497c4309ae787e7a8743353bbc6680c1608669e8a008ab493,True,18
985,东南大学,建筑学院,东南大学建筑学院2027年接收推荐免试研究生报名通知,"1. 城乡规划
2. 风景园林
3. 城市设计
4. 建筑学
5. 设计
6. 建筑
7. 景观",,,,截止时间待核验,1. 考核方式以学院后续通知为准,https://arch.seu.edu.cn/2026/0708/c9126a575976/page.htm,,"1. 获奖教材
2. 本科生代表性竞赛获奖
3. 优博论文与优硕论文",待核验,官网自动采集；关键字段待人工核验,2026-08-02 22:00,2026-10-10 14:16,自动识别；申请前必须打开官网逐项复核,80120808bb54914a145bc8dee0ee06a1a85b76ecb980d34416ce3e24b874c697,True,18
985,东南大学,建筑学院,关于 2026-2027 学年建筑类学位评定分委员会 会议召开时间安排的通知,"1. 城乡规划
2. 风景园林
3. 城市设计
4. 建筑学
5. 设计
6. 建筑
7. 景观",,,,截止时间待核验,1. 考核方式以学院后续通知为准,https://arch.seu.edu.cn/2026/0609/c9126a570732/page.htm,,"1. 获奖教材
2. 本科生代表性竞赛获奖
3. 优博论文与优硕论文",待核验,官网自动采集；关键字段待人工核验,2026-08-02 22:00,2026-10-10 14:16,自动识别；申请前必须打开官网逐项复核,7297d74135e75baa3358adaacf128e36bfba05690c6407424390d58931ea7273,True,12
985,东南大学,艺术学院,【研究生】东南大学艺术学院2027年接收推荐免试研究生考核结果,"1. 设计学
2. 设计",2026-09-20,,,截止时间待核验,1. 考核方式以学院后续通知为准,https://arts.seu.edu.cn/2026/0920/c17236a583868/page.htm,,1. 科研获奖,待核验,官网自动采集；关键字段待人工核验,2026-09-20 21:10,2026-10-10 14:16,自动识别；申请前必须打开官网逐项复核,bdbf8025b5d794cfc0d3b4ff2831cb3e0b0494cec3f4290e59c191c512dbb046,True,7
985,中南大学,建筑与艺术学院,建筑与艺术学院2027届预推免生候选人名单公示-建筑与艺术学院门户网站,"1. 产品设计
2. 城乡规划
3. 建筑学
4. 设计
5. 建筑",2026-09-11,,,截止时间待核验,1. 考核方式以学院后续通知为准,https://art.csu.edu.cn/info/1060/5159.htm,,1. 申请材料清单待官网正文进一步核验,待核验,官网自动采集；关键字段待人工核验,2026-09-12 12:43,2026-10-10 14:16,自动识别；申请前必须打开官网逐项复核,72158081221006bae65edeae9aabf01483bf0363f74f1922c4b6fb5b82011535,True,9
985,中国人民大学,艺术学院,中国人民大学艺术学院2027年推免生接收工作报名通知,"1. 130100 艺术学—艺术史论研究、艺术管理与传播研究、艺术创作与评论研究
2. 135600 美术与书法—油画、中国画、版画
3. 135700 设计—视觉传达设计、环境设计、数字媒体艺术设计",2026-06-26,2026-07-01 10:00,2026-07-25 10:00,已截止,"1. 注册报名并提交申请材料，两个步骤均完成才算报名成功
2. 学院推免接收考核拟于9月开展
3. 具体考核要求另行通知",https://art.ruc.edu.cn/info/1063/7029.htm,http://yjsfs.ruc.edu.cn/tp/zs/login/toLogin/tm,"1. 材料A：有效期内身份证、每学期均注册的学生证
2. 材料A：本科学业成绩单及相应年级排名证明，须加盖本科就读学校教务部门公章
3. 材料A：国家英语六级考试成绩单或其他外语水平证明
4. 艺术史论研究、艺术管理与传播研究：可提交公开发表论文、获奖或展演证书等
5. 艺术创作与评论研究：不少于15分钟的个人音乐演奏或演唱视频（不超过300M），可提交论文、获奖或展演证书等
6. 美术与书法：不少于10幅个人作品图片，或公开发表论文、获奖或展览证书等
7. 设计：作品集、获奖或展演证书等
8. 按系统提交格式上传电子版，原件后续择期查验",以专业相近度、成绩排名、外语水平和学院审核为准,官网全文已核验,2026-08-02 03:16,2026-10-10 14:16,已截止,341340f8e477c3c335c4186df01013195adc9fa0afb9379844e4b524b370b32f,False,99
985,中央民族大学,美术学院,中央民族大学美术学院2027年接收推荐免试硕士研究生预报名通知,"1. 130100 艺术学—美术学、艺术遗产
2. 135600 美术与书法—中国画、油画、版画、综合绘画
3. 135700 设计—传达与媒体设计、时尚与服装设计、环境设计
4. 045113 学科教学（美术）",2026-07-22,2026-08-01 00:00,2026-08-15 17:00,已截止,"1. 申请材料审核专家组进行材料评审
2. 材料评审成绩60分及以上者中择优确定复试名单
3. 复试形式为综合面试，每人20分钟
4. 复试内容包括专业基础知识、综合分析及科研创新能力、外国语听说能力
5. 复试时间为2026年9月4日",https://art.muc.edu.cn/info/1084/7034.htm,https://yjszs.muc.edu.cn,"1. 身份证复印件扫描版：正反面扫描在1页纸上
2. 《教育部学籍在线验证报告》
3. 《中央民族大学2027年接收推荐免试研究生申请表》：系统下载后打印，由所在学院或教务部门盖章
4. 本科第1—5学期成绩单：加盖本科就读学校教务处或所在学院公章
5. 外语水平证明复印件
6. 作品集：包含个人简历，以及体现学术水平、科研能力、综合素质的学术研究成果、艺术创作、获奖证书等
7. 作品集为A4尺寸PDF，以“申请培养方向+姓名”命名，一般10—30页，不超过40M；每幅艺术作品下标注作品简介；申请学术型硕士可不提供艺术作品
8. 所有材料按顺序整合为1个PDF并制作目录",以学校和学院申请条件为准,官网全文已核验,2026-08-02 03:16,2026-10-10 14:16,复试时间和形式已明确,05fe3f26e69bd03d391060d0d9b8974cdfeb0e4450fec98c09df3e2290df1ad6,False,99
985,中央民族大学,美术学院,中央民族大学2027年接受推荐免试研究生（含直博生）专业目录-中央民族大学研究生招生网,"1. 环境设计
2. 设计",2026-09-14,,,截止时间待核验,1. 考核方式以学院后续通知为准,https://grs.muc.edu.cn/yjsyzsw/info/1063/6109.htm,https://grs.muc.edu.cn/yjsyzsw/sszs.htm,1. 申请材料清单待官网正文进一步核验,待核验,官网自动采集；关键字段待人工核验,2026-09-14 23:03,2026-10-10 14:16,自动识别；申请前必须打开官网逐项复核,3604fd7f096e72741235115c43cd4bf23b59450b00acdd43a2730b70a6d03ef5,True,7
985,北京大学,建筑与景观设计学院,"1 / 16 
 
北京大学 2027 年硕士研究生招生简章（校本部） 
北京大学是一所拥有哲学、经济学、法学、教育学、文学、历史
学、理学、工学、医学、管理学、艺术学、交叉学科等学科门类的综
合性研究型大学。 我校采用推荐免试和全国统一考试两种选拔方式招
收全日制攻读硕士学位研究生， 采用全国统一考试方式招收非全日制
攻读硕士学位研究生。全日制和非全日制研","1. 推荐免试
2. 根据教育部研究生招生工作的有关规定，我校通过推荐免试方式
3. 接收全国优秀应届本科毕业生攻读硕士学位 研究生，相关事项详见
4. 《北京大学2027 年接收推荐免试研究生办法（校本部）》
5. 全国统一考试
6. 报考条件
7. 1．报名参加全国硕士研究生招生考试的人员，须符合下列条件：
8. （1）拥护中国共产党的领导，遵守中华人民共和国宪法和法律，
9. 诚实守信
10. （2）身体健康状况符合国家和我校规定的体检要求
11. （3） 考生学业水平必须符合下列条件之一， 本款另有规定的除外：
12. 国家承认学历的应届本科毕业生 （含普通高校、 成人高校、
13. 2 / 16
14. 普通高校举办的成人高等学历教育等应届本科毕业生） 及自学考试和
15. 网络教育届时可毕业本科生
16. 具有国家承认的大学本科毕业学历的人员
17. 获得国家承认的高职（专科）毕业学历后满 2 年及以上人
18. 员（毕业后到录取当年入学前， 下同） 或国家承认学历的本科结业生，
19. 按本科毕业同等学力身份报考
20. 以同等学力身份报考我校的考生， 须在国家核心期刊上发表一篇",,,,截止时间待核验,1. 考核方式以学院后续通知为准,https://admission.pku.edu.cn/docs/20261008162609970607.pdf,,"1. 况考生，须按照报考点审核要求按时提交补充材料
2. 在报名期间，我校将根据相关规定对所有考生的报考条件进行
3. 全面审核， 并在报名系统中对不符合报考条件的考生作 “审核不通过”
4. 4 / 16
5. 处理。 审核不通过的考生报名信息无效， 研招网将通过微信或短信推
6. 送审核结果提醒， 考生可修改报名信息或取消报名后重新报名。 未能
7. 通过学历 （学籍） 网上校验的考生， 应在规定的时间内按要求完成学
8. 历（学籍）核验
9. 5．网报及确认结束后， 我校将对有效报名信息进行准考资格审查
10. 经我校确认准考的考生应在考前十天左右， 凭网报用户名和密码登录
11. 中国研招网下载、 打印 《准考证》 。《准考证》 使用A4 幅面白纸打印，
12. 正、 反两面在使用期间不得涂改或书写。 考生凭下载打印的 《准考证》
13. 及有效居民身份证参加初试和复试
14. 6．考生报考信息经本人确认正式提交后，在入学报到前一律不能
15. 修改，报考资格不符合规定者不予录取
16. 7．我校不采用单独考试方式招收硕士研究生。 “援藏计划”等专
17. 项计划考试试题与同专业非专项考生试题相同
18. 8．符合规定条件并申请享受初试加分、 免初试或报考专项计划有
19. 关条件的考生， 须在网上报名时按要求填报申请信息。未按规定申报
20. 或审核（含复审）未通过的，不享受相应的加分、免初试政策，或不
21. 得参加有关专项计划初、复试
22. 我校“退役大学生士兵”专项计划招收符合条件的推免生，统
23. 考招生计划 数为上级教育主管部门下达的专项计划 总数减去当年实
24. 际接收的该专项推免生人数
25. 少数民族骨干计划在学校专项计划内统筹安排，同等情况下优先
26. 向理工类专业倾斜
27. 初试
28. 1．初试时间按教育部统一规定执行
29. 2．初试科目详见我校2027 年硕士研究生招生专业目录
30. 3．初试方式均为笔试",待核验,官网自动采集；关键字段待人工核验,2026-10-08 23:36,2026-10-10 14:16,自动识别；申请前必须打开官网逐项复核,1a5d80d8bcf57a4d409f2fb76215183d52b84965279bb585473ab151b1cc8b59,True,11
985,北京大学,建筑与景观设计学院,"北京大学 2027 年接收推荐免试研究生办法（校本部） 
按照教育部研究生招生工作的有关规定，北京大学通过推荐免
试方式接收全国优秀应届本科毕业生攻读硕士、 博士学位。在推免接
收工作中， 北京大学落实立德树人根本任务，坚持公平、 公正、 公开
原则，坚持德智体美劳全面衡量， 注重考核学生创新能力、 实践能力
和专业能力，综合评价、择优选拔。 
 
一、申请",1. 设计,,,,截止时间待核验,1. 考核方式以学院后续通知为准,https://admission.pku.edu.cn/docs/20260831123041610549.pdf,,"1. （1）北京大学 2027 年接收推荐免试攻读研究生申请表1 份
2. （2） 北京大学2027 年接收推荐免试攻读研究生个人陈述1 份
3. （3）北京大学 2027 年接收推荐免试攻读研究生专家推荐信 2
4. 封， 即需要2 位与申请攻读学位学科相关专家【副教授职称 （含） 或
5. 相当专业技术职称以上】分别签名推荐， 推荐信须密封并在封口骑缝
6. 处签字
7. （4）本科阶段成绩单1 份，加盖学校教务处公章或成绩单证明
8. 专用章后， 装入自备信封密封， 并在封口骑缝处加盖教务处公章或成
9. 绩单证明专用章
10. （5）获奖证书复印件 1 套
11. （6）外语水平证明 1 份
12. 上述第（1） 、 （2） 、 （3）项材料申请人填报志愿后在北京大学研
13. 究生招生网下载打印
14. 此外， 申请人还可提交体现自身学术水平的代表性学术论文、 出
15. 版物或原创性工作成果。北京大学本校推免生申请攻读本院系研究
16. 生可提交上述（1） 、 （2） 、 （6）项各一份，外校及本校跨院系申请的
17. 推免生须向招生院系研究生教务办公室提交以上全部申请材料。申
18. 请人必须保证提交的申请信息及全部申请材料的真实性和准确性
19. 申请人若填报虚假信息、 提供虚假申报材料、 考试作弊或有其它违反
20. 考试纪律的行为时， 我校将按《中华人民共和国教育法》及《国家教
21. 育考试违规处理办法》（教育部令第 33 号）进行严肃处理直至取消
22. 拟录取资格
23. 申请人须按院系公布的截止日期之前 完成网上报名和材料提交
24. （具体材料提交要求和寄送地址以院系公告为准） ，逾期不再接受申
25. 请。已寄（送）达申请材料一律不予退还
26. 教育部推免服务系统报名
27. 教育部“全国推荐免试攻读研究生信息公开管理服务系统”（以
28. 下简称“推免服务系统” ，网址: http://yz.chsi.com.cn/tm）为推
29. 免工作统一的信息备案公开平台和网上报考录取系统
30. 申请人须获得推荐学校推免资格 （以推荐学校上报教育部推免",待核验,官网自动采集；关键字段待人工核验,2026-09-10 06:33,2026-10-10 14:16,自动识别；申请前必须打开官网逐项复核,3849570b9063931bca67061cb9f2a09a1353c8623ac8027b82119f48d7508dd5,True,7
985,北京大学,建筑与景观设计学院,基于自然的解决方案国际会议,"1. 风景园林
2. 设计学
3. 建筑学
4. 设计
5. 建筑
6. 景观",,,,截止时间待核验,1. 考核方式以学院后续通知为准,https://www.cala.pku.edu.cn/,,1. 申请材料清单待官网正文进一步核验,待核验,官网自动采集；关键字段待人工核验,2026-09-01 00:10,2026-10-10 14:16,自动识别；申请前必须打开官网逐项复核,1d4376ccb8c31f1f3716c4a76975912a8873d8c784dd7fddfbc283f57dc29beb,True,10
985,北京大学,建筑与景观设计学院,招生信息,"1. 风景园林
2. 设计学
3. 建筑学
4. 设计
5. 建筑
6. 景观",,2026-09-16 09:00,,截止时间待核验,1. 考核方式以学院后续通知为准,https://www.cala.pku.edu.cn/info/1339/5832.htm,,"1. 面试过程中，考生应该积极并正面回答教师的提问，展现自己的知识和思维水平
2. 成绩考核与录取
3. 复试笔试卷面成绩为100分，60分及格
4. 复试面试总成绩100分，60分及格，由参加面试的全体老师独立评分，所有老师给出成绩平均为个人面试成绩
5. 复试总成绩=笔试成绩*40%+面试平均成绩*60%
6. 录取，笔试和面试成绩均及格，按照考生复试总成绩从高到低，顺次择优录取，录满为止
7. 笔试和面试，任一复试形式不及格者，不予录取
8. 北京大学建筑与景观设计学院
9. 2026年9月10日
10. 北京大学建筑与景观设计学院 © 版权所有        地址:北京市海淀区中关园北小街3号",待核验,官网自动采集；关键字段待人工核验,2026-09-10 20:55,2026-10-10 14:16,自动识别；申请前必须打开官网逐项复核,78eba6b85218396ec691f6819e714746409ef69f705c69aad16ebc15b29cf23d,True,10
985,北京大学,建筑与景观设计学院,招生信息,"1. 培养方式
2. 推荐免试招生人数
3. 专业类型
4. 风景园林专业硕士
5. 全日制
6. 11
7. 专业型
8. 注：
9. 专业学位研究生不安排住宿
10. 免试推荐报考条件
11. 拥护中国共产党的领导，品德良好，遵纪守法
12. 获得所在学校推荐免试资格
13. 大学英语六级成绩需在425（含）以上，或雅思（A类）成绩6.5（含）以上、GRE成绩325分（含）以上、TOEFL成绩90分（含）以上。（以上英语证明材料选择一种即可，须为本科在读期间取得，英语材料不合格者审核不予通过）
14. 申请办法与流程
15. 北大研招网申报
16. 2026年9月1日10:00至8日10:00，北京大学研究生招生网（网址：https://admission.pku.edu.cn/applications/）开通接收推免报名功能。申请人可以通过“网上报名”模块在线填报志愿信息",,,,截止时间待核验,1. 考核方式以学院后续通知为准,https://www.cala.pku.edu.cn/info/1339/5812.htm,,"1. 申请材料本年度需要同时接收纸质材料和电子材料
2. 纸质材料：
3. （1）北京大学2027年接收推荐免试攻读研究生申请表1份
4. （3）北京大学2027年接收推荐免试攻读研究生专家推荐信2封，即需要2位与申请攻读学位学科相关专家（副教授职称（含）或相当专业技术职称以上）分别签名推荐，推荐信须密封并在封口骑缝处签字
5. （4）本科阶段成绩单1份，加盖学校教务处公章或成绩单证明专用章后，装入自备信封密封，并在封口骑缝处加盖教务处公章或成绩单专用章。本科是北京大学的考生提供提供印有北京大学学生证明专用章的原件即可，无需另行密封或加盖教务部公章
6. （5）获奖证书复印件1套（各类获奖证书总数超过5项的，请最多提供代表性的5项）
7. （6）外语水平证明1份
8. 上述第（1）、（2）、（3）项材料申请人填报志愿后在北京大学研究生招生网下载打印。材料（7）单独打印装订。申请本院的推免生，无论来自本校还是外校，均须向招生院系研究生教务办公室提交以上全部申请材料
9. 申请人必须保证提交的申请信息及全部申请材料的真实性和准确性。申请人若填报虚假信息、提供虚假申报材料、考试作弊或有其它违反考试纪律的行为时，我校将按《中华人民共和国教育法》及《国家教育考试违规处理办法》（教育部令第 33 号）进行严肃处理直至取消拟录取资格
10. 2026年9月9日中午12：00前，申请人将填好的全部申请材料（统一使用A4纸）装入自备的信封，直接寄（送）达北京大学建筑与景观设计学院研究生教务办公室（512室），如快递方式送达，请尽量使用顺丰或EMS快递，并随时关注送达情况
11. 寄送地址为：北京市海淀区中关村北大街100号北京大学建筑与景观设计学院（北门）512教务办公室 路老师收 电话010-62759003 邮政编码为100871
12. 逾期不再接受申请。申请材料一经收到，恕不退还
13. 电子材料：
14. 以上纸质材料中（1）、（2）、（4）、（5）、（6）、（7）请按照顺序全部扫描整理成一个PDF文件，于2026年9月9日中午12：00前，发送电子版到Cala2025@163.com，附件大小控制在30M以内。文件和附件名为：“姓名+本科学校名+推荐免试申请材料”
15. 复试将安排在9月中旬，请考生提交材料之后及时关注学院官网复试名单与具体安排
16. 教育部推免服务系统报名
17. 初审与复试
18. 我院推免生遴选工作小组将申请材料进行综合审慎的审核，择优确定复试名单并及时在学院网站公布。请留意学院网站，并保持电话畅通
19. 申请人须按我院要求按时到达指定地点参加现场复试。具体面试形式，将提前通知复试申请人
20. 复试实行差额复试，择优录取，差额比例为200%
21. 复试成绩按百分制计算，60分及格，复试不及格者不予录取
22. 每位通过初审的申请人综合面试时间原则上不少于20分钟，面试过程全程录音录像
23. 院系将遵循实事求是的原则，在复试和录取过程中进行考生的思想政治素质和品德考核，主要考核内容包括考生的政治态度、思想表现、道德品质、遵纪守法、诚实守信等方面。思想品德考核不合格者不予录取
24. 待录取与公示
25. 我院根据复试情况，择优确定待录取名单。通过院系组织的复试，获得我校待录取资格，但未能获得推荐学校推免资格的申请人，其待录取资格无效
26. 我院将通过教育部推免服务系统向拟接收的申请人发送待录取通知，申请人应在我院规定的时间内在网上确认是否接受待录取。若在规定时间内未确认，则视为放弃
27. 2026年10月20日前，院系完成拟录取名单网上公示。申请人可登录院系或研究生招生网查询拟录取公示名单。若有疑问，可于公示期内向院系提出
28. 已被我校接收的推免生，不得再报名参加当年硕士研究生考试招生，否则取消其推免录取资格
29. 复审与录取
30. 在发出录取通知书之前，我校将对获得拟录取资格的推免生，按照以下要求进行资格复审，未通过审查者将被取消录取资格",待核验,官网自动采集；关键字段待人工核验,2026-09-01 00:10,2026-10-10 14:16,自动识别；申请前必须打开官网逐项复核,ee0648e01b2c33a0fbfd4e858e012152acf28571630f2be403b991d5065a7380,True,9
985,北京师范大学,艺术与传媒学院,北京师范大学研究生招生网,"1. 发布时间：2026-10-09
2. 阅读 7407 次
3. 专业学位类别
4. 专业领域
5. 招生院（系
6. 学习方式
7. 北京招生人数
8. 珠海招生人数
9. 是否接收推免生
10. 备注
11. 0151
12. 应用伦理
13. 哲学学院
14. 非全日制
15. 15
16. 不接收
17. 0251
18. 金融
19. 湾区国际商学院",2026-10-09,,,截止时间待核验,1. 考核方式以学院后续通知为准,https://yz.bnu.edu.cn/detail/77329e2e-0733-4b15-b085-104a7e5f5028,,1. 申请材料清单待官网正文进一步核验,待核验,官网自动采集；关键字段待人工核验,2026-10-09 14:11,2026-10-10 14:16,自动识别；申请前必须打开官网逐项复核,912b3855e9040c43419fa83e0503dc8c2a3500880b876b1f9919cfa398bb863a,True,7
985,北京航空航天大学,新媒体艺术与设计学院,,"1. 设计学
2. 设计",,,2026-12-10 00:00,报名中,1. 考核方式以学院后续通知为准,https://yzb.buaa.edu.cn/info/1036/3636.htm,,"1. 登录北航研究生招生信息网（以下简称“北航研招网”，网址为
2. https://yzb.buaa.edu.cn/index.htm
3. ），仔细阅读相关信息（含北航硕士研究生招生简章和北航报考点网上报名公告），确定本人符合报考条件后，于
4. 2026年10月15日至10月24日9:00～22:00
5. ，登录中国研究生招生信息网（网址为
6. https://yz.chsi.com.cn/
7. ），仔细阅读并按报名网站提示和要求，签署《考生诚信考试承诺书》，遵守相关约定，填写报考信息，认真核对并
8. 确认
9. 本人报名
10. 信息，
11. 完成
12. 网上支付
13. 网上报名期间，除“报考单位”、“报考点”、“考试方式”及”专项计划“以外的其他报名信息，考生可在网上报名起止时间内，使用已注册的用户名和密码登录、修改。“报考单位”、“报考点”、“考试方式”及“专项计划”等四项关键信息，在考生提交报考信息后，无论初试费支付与否，均不得修改；如需修改，应在网上报名截止时间内，取消已填报的报名信息，重新进行报名并支付初试费
14. 此外，
15. 北航
16. 报考点
17. 将对考生网上报名信息（含2026年10月9日至12日的预报名信息）进行审核，于2026年10月14日、19日、23日及25日，在北航研招网（网址为
18. ）发布提示，考生须根据附件名单中“提交材料类别”和“提交材料网址”要求，及时提交相应材料。网上报名期间（10月15日至24日），考生无需在
19. 网上报名系统
20. 网上报名期间，考生可自行修改或重新填报报名信息，但每位考生只能保留一条报名信息。若取消已报名信息而重新填报报名信息，则须重新进行网上支付。考生须认真核对无误后确认报考信息，牢记系统生成的报名号。逾期不再补报及补网上支付，也不得再修改报名信息
21. 建议考生在2026年10月2
22. 日前完成网上报名，预留出在网
23. 上报名截
24. 止前进行修改或重新报名的时间
25. 重要提醒
26. （1）符合北航报考点要求（见“一”中内容）并选择北航报考点的考生，必须于2026年10月15日至10月24日网上报名期间支付初试费。未按要求支付初试费或不符合北航报考点要求（见“一”中内容）的考生，后果及损失由考生本人承担
27. （2）考生对所填写的信息需保证其准确性（若被录取，部分信息将用于以后的学籍管理），未按要求报名、误填、错填、填报虚假信息，而导致不能考试、录取等，后果由考生本人承担
28. （3）考生填写信息期间，教育部将对考生学历（学籍）信息进行网上校验。考生可在报名前或报名期间，用已注册的学信网账号登录网上报名系统，校验本人学历（学籍）信息。未查询到学历（学籍）信息的考生，必须尽早到中国高等教育学生信息网（网址为",待核验,官网自动采集,2026-10-08 23:37,2026-10-10 14:16,自动识别；申请前必须打开官网逐项复核,6a8255757695138b0c8d99456227a01d52cef3aedc5799ab69dcde4f9d18dcc7,False,7
985,北京航空航天大学,新媒体艺术与设计学院,招生就业,"1. 信息艺术设计
2. 数字媒体艺术
3. 新媒体艺术
4. 艺术设计
5. 设计学
6. 设计",,,,截止时间待核验,1. 考核方式以学院后续通知为准,https://art.buaa.edu.cn/zsjy/zsxx.htm,,1. 申请材料清单待官网正文进一步核验,待核验,官网自动采集；关键字段待人工核验,2026-08-02 21:55,2026-10-10 14:16,自动识别；申请前必须打开官网逐项复核,8fff2f6cd74a50560f1c215178d6e873439d229e633fc9963c655a7ccf27b4ca,True,11
985,北京航空航天大学,新媒体艺术与设计学院,招生就业,"1. 信息艺术设计
2. 数字媒体艺术
3. 新媒体艺术
4. 艺术设计
5. 设计学
6. 设计",2026-09-23,,,截止时间待核验,1. 考核方式以学院后续通知为准,https://art.buaa.edu.cn/info/1423/3041.htm,,1. 申请材料清单待官网正文进一步核验,待核验,官网自动采集；关键字段待人工核验,2026-09-23 12:45,2026-10-10 14:16,自动识别；申请前必须打开官网逐项复核,84a818018c7ceeaec71285dd90b3e0cebc04000a9c45078ea66ec52c7999cb31,True,11
985,北京航空航天大学,新媒体艺术与设计学院,招生就业,"1. 信息艺术设计
2. 数字媒体艺术
3. 新媒体艺术
4. 艺术设计
5. 设计学
6. 设计",2026-09-18,,,截止时间待核验,1. 考核方式以学院后续通知为准,https://art.buaa.edu.cn/info/1423/3040.htm,,1. 申请材料清单待官网正文进一步核验,待核验,官网自动采集；关键字段待人工核验,2026-09-18 20:59,2026-10-10 14:16,自动识别；申请前必须打开官网逐项复核,4f24a4872ca24ca0bd3bf7ecca5558da24071127d1beaaa9e5a34ba4fa084a19,True,11
985,北京航空航天大学,新媒体艺术与设计学院,招生就业,"1. 信息艺术设计
2. 数字媒体艺术
3. 新媒体艺术
4. 艺术设计
5. 设计学
6. 设计",2026-09-11,,,截止时间待核验,1. 考核方式以学院后续通知为准,https://art.buaa.edu.cn/info/1423/3032.htm,,1. 申请材料清单待官网正文进一步核验,待核验,官网自动采集；关键字段待人工核验,2026-09-11 20:50,2026-10-10 14:16,自动识别；申请前必须打开官网逐项复核,6c4c9798f15ac58c8721edd0dfc001dc90c2ebf8926071e888bc3b65d9b148d8,True,11
985,北京航空航天大学,新媒体艺术与设计学院,招生就业,"1. 信息艺术设计
2. 数字媒体艺术
3. 新媒体艺术
4. 艺术设计
5. 设计学
6. 设计",2026-06-10,,,截止时间待核验,1. 考核方式以学院后续通知为准,https://art.buaa.edu.cn/info/1423/3012.htm,,1. 申请材料清单待官网正文进一步核验,待核验,官网自动采集；关键字段待人工核验,2026-08-02 21:55,2026-10-10 14:16,自动识别；申请前必须打开官网逐项复核,7a75a95590a9e6131ef6a983cfb14fd7dd01bd4d2c2d87a899a705e5b6b93239,True,11
985,北京航空航天大学,新媒体艺术与设计学院,招生就业,"1. 信息艺术设计
2. 数字媒体艺术
3. 新媒体艺术
4. 艺术设计
5. 设计学
6. 设计",2026-06-10,,,截止时间待核验,1. 考核方式以学院后续通知为准,https://art.buaa.edu.cn/info/1423/3013.htm,,1. 申请材料清单待官网正文进一步核验,待核验,官网自动采集；关键字段待人工核验,2026-08-02 21:55,2026-10-10 14:16,自动识别；申请前必须打开官网逐项复核,e11ffeace5aed8e906a4acd7d50531505ac0b27e440d3e65d717d4761b7424e2,True,9
985,华东师范大学,设计学院,关于华东师范大学设计学院2027年接收优秀应届本科毕业生免试攻读研究生预报名的通知,"1. 设计学
2. 设计（专业学位）
3. 具体招生方向以2027年推免专业目录为准",2026-07-24,2026-07-27 10:00,2026-08-30 16:00,已截止,"1. 学院组织专家审核申请材料并遴选复试名单
2. 复试考核安排通过报名系统和学院通知发布
3. 考生需持续关注审核状态和复试通知",https://www.design.ecnu.edu.cn/blog/6400.html,https://yjszs-ks.ecnu.edu.cn/logon?zsxm=5,"1. 有效居民身份证
2. 教育部学籍在线验证报告
3. 预报名申请表：报名系统填写后下载打印、签字并扫描上传
4. 诚信承诺书：报名系统下载打印、签字并扫描上传
5. 成绩排名证明或推免排名证明：注明本专业总人数并加盖学校教务部门或学院公章
6. 专业作品集：提供10件作品，其中7件为本科学习期间课堂作业，3件为课外创作（设计）作品；全部内容须为本人原创
7. 其他材料：本科期间成绩单、学术科研成果、获奖证书、外语能力证明等，按系统要求合并上传",以学院2027目录和复试要求为准,官网检索文本已核验,2026-08-02 03:16,2026-10-10 14:16,作品集数量与原创要求已单列,d4301bdfa51afc1443b45fa14abaf468deea1d60ea837af9e9ed48df788b17cd,False,99
985,华东师范大学,传播学院,华东师范大学传播学院2027年招收推荐免试攻读研究生预报名公告,"1. 050300 新闻传播学
2. 055200 新闻与传播—智能游戏交互方向
3. 055300 出版—教材出版与传播方向
4. 135400 戏剧与影视",2026-07-24,2026-07-24 00:00,2026-09-01 16:00,已截止,"1. 学院组织专家对申请材料进行审核
2. 根据审核结果遴选复试名单
3. 按学校政策组织复试考核
4. 考生须关注报名系统审核状态及院系复试通知",https://comm.ecnu.edu.cn/c3/c7/c41511a771015/page.htm,https://yjszs-ks.ecnu.edu.cn/logon?zsxm=5,"1. 有效居民身份证
2. 教育部学籍在线验证报告
3. 预报名申请表：报名系统填写完毕后下载打印、签字并扫描上传
4. 诚信承诺书：报名系统下载打印、签字并扫描上传
5. 成绩排名证明或推免排名证明：注明本专业总人数并加盖学校教务部门或学院公章
6. 其他材料合并为1个PDF：本科期间成绩单（加盖公章）
7. 其他材料合并为1个PDF：学术科研成果、获奖证书、外语能力证明等能够证明个人学术能力的材料",智能游戏交互方向欢迎新闻传播、数字媒体艺术、计算机、心理学、戏剧影视文学、工业设计等跨专业背景,官网全文已核验,2026-08-02 03:16,2026-10-10 14:16,该方向属于新闻与传播专业，不是设计学学位,5c41c212aef3e93a7d9d1178345caebf00825d6ffab95d59f7a71f5f9d461a93,False,99
985,华东师范大学,设计学院,华东师范大学2027年各院系接收优秀应届本科毕业生免试攻读研究生（含本科直博）预报名通知（陆续更新）,"1. 智能交互
2. 设计学
3. 设计",2026-07-24,,,截止时间待核验,1. 考核方式以学院后续通知为准,https://yjszs.ecnu.edu.cn/c3/cb/c43265a771019/page.htm,https://yjszs.ecnu.edu.cn/main.htm,1. 109 外语学院,待核验,官网自动采集；关键字段待人工核验,2026-08-29 15:08,2026-10-10 14:16,自动识别；申请前必须打开官网逐项复核,d60283466e19176c1bc319166b3c884f4f7e6fc2a5658a2b79c1372f096139c2,True,14
985,华中科技大学,建筑与城市规划学院,华中科技大学关于开展2027年接收推荐免试研究生（含直博生）预报名及复试工作安排的通知,"1. 2027
2. 年预报名阶段，我校继续实施教育部国家优秀中小学教师培养计划（“国优计划”）推免选拔工作，相关通知请查阅华中科技大学研招网相关通知
3. 预祝各位考生考试顺利！
4. 华中科技大学研究生院
5. 2026年9月9日
6. 考生请仔细阅读相关院系工作细则，在院系预报名截止时间前提交材料，并按要求参加后续工作程序
7. 华中科技大学2027年各院系接收推荐免试攻读硕士学位和
8. 直接攻读博士学位研究生工作细则
9. （院系细则陆续更新）
10. （点击院系名称下载工作细则文档）
11. 院（系）名称
12. 011
13. 数学与统计学院
14. 403
15. 法学院
16. 012
17. 物理学院
18. 404
19. 社会学院",,2026-09-09 00:00,2026-09-09 00:00,已截止,1. 考核方式以学院后续通知为准,https://gszs.hust.edu.cn/info/1106/4142.htm,https://gszs.hust.edu.cn/zsjz/sszs.htm,"1. 研招办招生咨询联系电话：027-87541746（工作时间）；系统技术故障咨询电话：18130605159（工作时间）；报考条件和复试有关安排请咨询各院系研究生科
2. 材料准备
3. 符合申请基本条件的考生，请根据各院系具体要求，提前准备好有关材料，主要包括：
4. 1．个人有效身份证件照片、学生证照片
5. 2．个人简历或自述材料，详见附件2（
6. 华中科技大学推免生申请个人自述模板
7. 3．本科阶段截至上一学期的原始成绩单（须加盖学校或学院教务部门公章）
8. 4．推免综合成绩排名情况证明或院系公示材料
9. 5．其他英语水平、学术能力、所获奖励等证明材料
10. 6．接收推免生招生思想政治品德表现考核表，详见附件
11. 华中科技大学接收推免生招生思想政治品德表现考核表
12. 非本校考生请在报名时按我校模板提供思政考核意见；本校推免生可上传校内推荐时的审核表格
13. 7．如申请直博生，还须在复试前提交《攻读博士学位研究计划》、与申请学科相关的两位副教授及以上（或相当职称）专家推荐信（须专家签名），详见附件
14. 华中科技大学研究生攻读博士学位期间拟开展的研究计划
15. 8．正式报名阶段还需提供二级甲等以上医院或各高校校医院的体检证明，体检项目包括内科、外科、胸透、五官科、肝功能两项（
16. ALT
17. 谷丙转氨酶、
18. AST
19. 谷草转氨酶）
20. 考生对提交的材料须保证真实准确。若弄虚作假，一经发现，学校将取消考生的复试或录取资格，并通报本科就读学校。申请材料一经提交，恕不退还
21. 申请报名流程
22. 获得推免资格并有意报考我校的学生，请按材料清单提前准备好电子版材料，须在规定时间内进入预报名系统提交申请。各院系根据接收推免生工作细则，对提交预报名申请材料的考生进行审核
23. 各院系对已报名考生进行审核后，根据拟接收推免生计划数按一定比例确定复试考核名单。复试考核时，将根据考生的思想政治素质和思想政治品德表现、专业素养、研究能力、科研志趣、创新潜质等进行综合评价、择优选拔，并公布考核结果",年接收推荐免试研究生（含直博生）预报名系统，欢迎广大考生积极报名。现将有关事宜通知如下,官网自动采集,2026-10-07 23:44,2026-10-10 14:16,自动识别；申请前必须打开官网逐项复核,985898028e99b8010a7c057acab403e0efba9313986a19d31acc5f9a6d7a103e,False,11
985,华中科技大学,建筑与城市规划学院,建筑与城市规划学院,"1. 2026级建筑类（智慧人居设计实验班）招生选拔工作及…
2. 2026-09-01
3. 建规学院2025年国家级、省级和校级大创立项公示
4. 2025-06-05
5. 2024年转入建筑与城市规划学院学生名单公示
6. 2024-12-17
7. 建筑与城市规划学院2024级建筑类专业分流方案
8. 2024-09-03
9. 2024级建筑学创新实验班招生选拔工作及选拔程序
10. 2024-08-29
11. 建规学院2024年国家级、省级和校级大创项目申报推荐…
12. 2024-06-12
13. 华中科技大学建筑与城市规划学院2024届本科生优秀毕…
14. 2024-06-05
15. 学生工作
16. STUDENTS
17. 点击更多
18. 建规学院联合总务后勤处开展华科烘焙艺术创作活动
19. 2025-11-30
20. 关于建筑与城市规划学院2026年“五四”评优拟表彰名…",,,,截止时间待核验,"1. 2024-08-29
2. 建规学院2024年国家级、省级和校级大创项目申报推荐…
3. 2024-06-12
4. 华中科技大学建筑与城市规划学院2024届本科生优秀毕…
5. 2024-06-05
6. 学生工作
7. STUDENTS
8. 点击更多
9. 建规学院联合总务后勤处开展华科烘焙艺术创作活动
10. 2025-11-30
11. 关于建筑与城市规划学院2026年“五四”评优拟表彰名…
12. 2026-03-23
13. 筑梦新程，上好新生的四节课：建筑类新生适应性教育
14. 2025-12-10
15. 危机还是生机：数智化时代人工智能对大学生就业的双…
16. 2025-12-02",https://aup.hust.edu.cn/,,1. 申请材料清单待官网正文进一步核验,待核验,官网自动采集；关键字段待人工核验,2026-10-07 23:44,2026-10-10 14:16,自动识别；申请前必须打开官网逐项复核,bb4548a4d57eafd66983640fd24032018a06cb2e3ad65b6a3f8cb32429e4a344,True,12
985,华中科技大学,建筑与城市规划学院,建筑与城市规划学院关于2027届研究生支教团成员候选人推荐名单公示,"1. 城乡规划
2. 风景园林
3. 设计学
4. 建筑学
5. 设计
6. 建筑",2026-09-04,,,截止时间待核验,1. 考核方式以学院后续通知为准,https://aup.hust.edu.cn/info/1076/5282.htm,,1. 申请材料清单待官网正文进一步核验,待核验,官网自动采集；关键字段待人工核验,2026-10-07 23:44,2026-10-10 14:16,自动识别；申请前必须打开官网逐项复核,1b0f65f421d9ec7379c94d07122a7ae74ce52465980bf834483e5e50559fca11,True,11
985,华南理工大学,设计学院,华南理工大学2027年硕士研究生招生章程及招生专业目录,"1. 华工主页
2. 教工门户
3. 研究生院
4. 首页
5. 招生信息
6. 硕士招生
7. 博士招生
8. 港澳台招生
9. 专项计划
10. 招生简章
11. 招生系统
12. 硕士招生系统
13. 硕士初试成绩查询
14. 预推免系统",,2026-10-09 09:00,2026-10-15 00:00,报名中,1. 考核方式以学院后续通知为准,https://yz.scut.edu.cn/2026/0930/c30108a636831/page.htm,https://yz.scut.edu.cn/sszs/list.htm,"1. 公开发表过与所报考专业相关的学术论文（署名为前3名），或获得地级市或厅级以上与所报考专业相关的科研成果奖励（须为主要完成人）
2. 所有考生须按要求如实填写报名信息并提供真实材料，积极配合签署《考生诚信考试承诺书》并遵守相关约定，认真核对并确认本人报名信息，根据审核工作安排按时（具体要求由各省级教育招生考试机构根据教育部有关工作安排和本地区报考组织情况自行确定和公布）提交补充材料，逾期不得补办。在读研究生报考须在报名前征得所在培养单位同意。考生因报名信息填写错误、填报虚假信息而造成不能考试（含初试、复试）或录取的，后果由考生本人承担
3. 报名期间学信网将对考生学历（学籍）信息进行网上校验，考生报名期间应及时上网查看学历（学籍）校验结果。考生可在报名前或报名期间自行登录“中国高等教育学生信息网”（网址：https://www.chsi.com.cn）查询本人学历（学籍）信息
4. 未能通过学历（学籍）网上校验的考生应及时核对本人填报学籍学历信息是否有误并在规定时间内完成学历（学籍）核验
5. 考生应仔细核对本人是否符合报考条件。凡不符合报考条件的，不论何时，一经查实，即按有关规定取消报考资格、录取资格或学籍，后果由考生本人承担。考生报名前应处理好与所在单位的关系。考生与所在单位因报考问题引起的纠纷而造成不能调档、复试、录取的后果，责任考生自负。我校将在复试录取阶段审核考生报考资格
6. 考生应当在规定时间内凭网报用户名和密码登录“中国研究生招生信息网”自行下载打印《准考证》。《准考证》使用A4幅面白纸打印，正、反两面在使用期间不得涂改或书写。考生凭下载打印的《准考证》及有效居民身份证参加初试和复试
7. 初试成绩届时在中国研究生招生信息网和我校研究生招生网公布。考生自行在网上查询、打印本人初试成绩单（我校不另寄发成绩通知单）
8. 复试内容一般包括专业课考核、外语听说能力测试、专业素养和综合素质面试等。具体复试内容和方式、复试成绩占录取总成绩的权重等信息见各院（系）公布的复试录取实施方案
9. 研究生在学校规定年限内，按培养计划的规定，完成课程学习和必修环节，成绩合格，通过学位（毕业）论文答辩或实践成果学位（毕业）答辩，经院（系）学位评定分委员会审查通过，达到学校毕业要求的，准予毕业，并由学校颁发毕业证书。符合学位授予条件的申请人，经院（系）学位评定分委员会审查，学校学位评定委员会审议并作出授予学位决定的，由学校颁发学位证书",（1）国家承认学历的应届本科毕业生（含普通高校、成人高校、普通高校举办的成人高等学历教育等应届本科毕业生）及自学考试和网络教育届时可毕业本科生；考生录取当年入学前须取得经相关专业机构认证的国（境）外教育机构合法学历学位证书，否则录取资格无效；推荐免试生的报名、复试录取工作将根据教育部相关文件要求另行安排。相关专业及专项计划的基本报考条件与全国统一考试一致,官网自动采集,2026-09-30 23:07,2026-10-10 14:16,自动识别；申请前必须打开官网逐项复核,dfcb179a26969790f7918ec4ca84c7a7ffbeac5d43d0d50aba82ba3b5149377e,False,7
985,华南理工大学,设计学院,华南理工大学2027年硕士研究生招生章程及招生专业目录,"1. 华工主页
2. 教工门户
3. 研究生院
4. 首页
5. 招生信息
6. 硕士招生
7. 博士招生
8. 港澳台招生
9. 专项计划
10. 招生简章
11. 招生系统
12. 硕士招生系统
13. 硕士初试成绩查询
14. 预推免系统",,2026-10-09 09:00,2026-10-15 00:00,报名中,1. 考核方式以学院后续通知为准,https://yz.scut.edu.cn/2026/0930/c30111a636831/page.htm,https://yz.scut.edu.cn/sszs/list.htm,"1. 公开发表过与所报考专业相关的学术论文（署名为前3名），或获得地级市或厅级以上与所报考专业相关的科研成果奖励（须为主要完成人）
2. 所有考生须按要求如实填写报名信息并提供真实材料，积极配合签署《考生诚信考试承诺书》并遵守相关约定，认真核对并确认本人报名信息，根据审核工作安排按时（具体要求由各省级教育招生考试机构根据教育部有关工作安排和本地区报考组织情况自行确定和公布）提交补充材料，逾期不得补办。在读研究生报考须在报名前征得所在培养单位同意。考生因报名信息填写错误、填报虚假信息而造成不能考试（含初试、复试）或录取的，后果由考生本人承担
3. 报名期间学信网将对考生学历（学籍）信息进行网上校验，考生报名期间应及时上网查看学历（学籍）校验结果。考生可在报名前或报名期间自行登录“中国高等教育学生信息网”（网址：https://www.chsi.com.cn）查询本人学历（学籍）信息
4. 未能通过学历（学籍）网上校验的考生应及时核对本人填报学籍学历信息是否有误并在规定时间内完成学历（学籍）核验
5. 考生应仔细核对本人是否符合报考条件。凡不符合报考条件的，不论何时，一经查实，即按有关规定取消报考资格、录取资格或学籍，后果由考生本人承担。考生报名前应处理好与所在单位的关系。考生与所在单位因报考问题引起的纠纷而造成不能调档、复试、录取的后果，责任考生自负。我校将在复试录取阶段审核考生报考资格
6. 考生应当在规定时间内凭网报用户名和密码登录“中国研究生招生信息网”自行下载打印《准考证》。《准考证》使用A4幅面白纸打印，正、反两面在使用期间不得涂改或书写。考生凭下载打印的《准考证》及有效居民身份证参加初试和复试
7. 初试成绩届时在中国研究生招生信息网和我校研究生招生网公布。考生自行在网上查询、打印本人初试成绩单（我校不另寄发成绩通知单）
8. 复试内容一般包括专业课考核、外语听说能力测试、专业素养和综合素质面试等。具体复试内容和方式、复试成绩占录取总成绩的权重等信息见各院（系）公布的复试录取实施方案
9. 研究生在学校规定年限内，按培养计划的规定，完成课程学习和必修环节，成绩合格，通过学位（毕业）论文答辩或实践成果学位（毕业）答辩，经院（系）学位评定分委员会审查通过，达到学校毕业要求的，准予毕业，并由学校颁发毕业证书。符合学位授予条件的申请人，经院（系）学位评定分委员会审查，学校学位评定委员会审议并作出授予学位决定的，由学校颁发学位证书",（1）国家承认学历的应届本科毕业生（含普通高校、成人高校、普通高校举办的成人高等学历教育等应届本科毕业生）及自学考试和网络教育届时可毕业本科生；考生录取当年入学前须取得经相关专业机构认证的国（境）外教育机构合法学历学位证书，否则录取资格无效；推荐免试生的报名、复试录取工作将根据教育部相关文件要求另行安排。相关专业及专项计划的基本报考条件与全国统一考试一致,官网自动采集,2026-09-30 23:07,2026-10-10 14:16,自动识别；申请前必须打开官网逐项复核,dfcb179a26969790f7918ec4ca84c7a7ffbeac5d43d0d50aba82ba3b5149377e,False,7
985,华南理工大学,设计学院,华南理工大学2027年全国硕士研究生招生考试网报公告,"1. 自2027年研考起，研招网将实行网上报名与网上确认一体化。网上报名期间，考生填报个人信息和报考志愿后，即可一并提交网上报名系统及报考点要求的核验材料。考生须严格按照报考条件及相关政策要求填报专业志愿和选择报考点，准确填写个人网上报名信息并提供真实材料
2. 考生应认真核对并确认本人网上报名信息。报名信息经考生确认后一律不作修改。考生因不符合报考条件及相关政策要求、网报信息填写错误、填报虚假信息等情形，造成后续不能考试（含初试和复试）或录取的，后果均由考生本人承担
3. 考生务必使用考生本人有效身份证件报名，姓名和身份证信息按照有效的身份证上的信息填报，不能用曾用名或无效的身份证件填报。网上报名时，考生务必认真填写并仔细核对本人的姓名、性别、民族、身份证号、报考类别和报考专业、考试科目等重要信息
4. 考生可通过我校研究生招生网公布的招生章程及相关公告，了解学费学制、招生计划（研招网计划数仅供参考，10月中下旬我校将公布各专业推免拟录名单及统考可用计划数）等信息，确定是否报考
5. 报名程序
6. 网上报名及材料审核",,2026-10-09 09:00,2026-10-24 22:00,报名中,1. 考核方式以学院后续通知为准,https://yz.scut.edu.cn/2026/1008/c30108a636991/page.htm,https://yz.scut.edu.cn/sszs/list.htm,"1. 考生务必使用考生本人有效身份证件报名，姓名和身份证信息按照有效的身份证上的信息填报，不能用曾用名或无效的身份证件填报。网上报名时，考生务必认真填写并仔细核对本人的姓名、性别、民族、身份证号、报考类别和报考专业、考试科目等重要信息
2. 报考我校单独考试相关专业在职单考班的考生须在报名阶段将个人申请书、报名信息校对表、毕业证书复印件及电子学历注册备案表、专家推荐信、单位推荐意见及学院要求的相关材料电子版发送至报考学院联系人邮箱进行审核，审核通过后考生再将纸质版原件寄送报考学院
3. 附：推荐信及学院联系方式下载
4. 考生在考前十天左右，凭网上报名时的用户名和密码登录“中国研究生招生信息网”自行下载打印《准考证》。考生凭下载打印的《准考证》及有效居民身份证参加初试和复试。《准考证》使用A4幅面白纸打印，正、反两面在使用期间不得涂改或书写，否则不予入场考试
5. 初试成绩届时将在“中国研究生招生信息网”和我校研究生招生网公布。考生自行在网上查询、打印本人初试成绩单（我校不另寄发成绩通知单）
6. （1）学校选择：因毕业学校更名等原因造成本人学信网信息、毕业证书毕业学校与报名系统现有学校名称不同或无法选择学校的，则选择“其他”，并在后面的输入框中填写学校名称（以本人学信网学籍学历信息为准），毕业学校代码请填写“00000”，不得填写更名后的学校代码和名称
7. （2）专业选择：报名系统现有专业与就读专业不同无法选取本人就读或毕业专业，需选择“其他”，并在下面的输入框中填写学信网学籍学历库或毕业证书显示的专业名称
8. 未通过学历（学籍）校验的考生应及时到学历（学籍）权威认证机构进行认证，将认证报告交报考点核验（含学历教育在读研究生培养单位同意报考证明）。考生因学籍或学历校验未通过导致不能参加考试的，后果由考生本人承担。对于学籍校验未通过的情况，可能原因如下：
9. （1）报名时输入的学历(学籍)相关信息有误：主要有姓名、证件号码、毕业学校名称、毕业年月、学历层次、获得学历的学习形式。其中姓名、证件号码务必按照本人目前所持有的有效身份证填写；毕业学校名称、毕业年月、学历层次、学习形式务必按照本人学信网学籍学历信息填写
10. （2）考生毕业后更改姓名或身份证号的，务必使用有效身份证上的姓名和身份证号进行报名，同时提供公安机关相关变更证明，切勿为通过学历验证而使用旧名或已失效的身份证号进行报名
11. （3）学历(学籍)电子注册信息有误或无学历学位信息：需咨询毕业证书颁发学校
12. 考生报名时须签署《考生诚信考试承诺书》，并遵守相关约定及要求，诚信参加考试。考生应主动查阅“中国研究生招生信息网”、省级教育招生考试机构、报考点网站及我校研究生招生网站等，了解有关报考工作安排、报名考试事项等，积极配合完成相关工作",报考我校单独考试相关专业在职单考班的考生须在报名阶段将个人申请书、报名信息校对表、毕业证书复印件及电子学历注册备案表、专家推荐信、单位推荐意见及学院要求的相关材料电子版发送至报考学院联系人邮箱进行审核，审核通过后考生再将纸质版原件寄送报考学院；所有报考我校单独考试相关专业在职单考班及初试科目包含做图科目（科目代码9xx）的考生只能选择华南理工大学报考点（考点代码4414）进行网上报名；境外学历获得者毕业证书和学位证书编号均填写相关专业机构等出具的认证报告的证书编号。（如教服留认英[2018]xxxx号或新版编号的数字）；（4）境外学历获得者须提供相关专业机构出具的学历学位认证报告,官网自动采集,2026-10-08 23:48,2026-10-10 14:16,自动识别；申请前必须打开官网逐项复核,8c036f2688e7696b0ff75b653c03871d2c6bce94ddaa0fb9deb017616a14d106,False,10
985,华南理工大学,设计学院,华南理工大学2027年全国硕士研究生招生考试网报公告,"1. 自2027年研考起，研招网将实行网上报名与网上确认一体化。网上报名期间，考生填报个人信息和报考志愿后，即可一并提交网上报名系统及报考点要求的核验材料。考生须严格按照报考条件及相关政策要求填报专业志愿和选择报考点，准确填写个人网上报名信息并提供真实材料
2. 考生应认真核对并确认本人网上报名信息。报名信息经考生确认后一律不作修改。考生因不符合报考条件及相关政策要求、网报信息填写错误、填报虚假信息等情形，造成后续不能考试（含初试和复试）或录取的，后果均由考生本人承担
3. 考生务必使用考生本人有效身份证件报名，姓名和身份证信息按照有效的身份证上的信息填报，不能用曾用名或无效的身份证件填报。网上报名时，考生务必认真填写并仔细核对本人的姓名、性别、民族、身份证号、报考类别和报考专业、考试科目等重要信息
4. 考生可通过我校研究生招生网公布的招生章程及相关公告，了解学费学制、招生计划（研招网计划数仅供参考，10月中下旬我校将公布各专业推免拟录名单及统考可用计划数）等信息，确定是否报考
5. 报名程序
6. 网上报名及材料审核",,2026-10-09 09:00,2026-10-24 22:00,报名中,1. 考核方式以学院后续通知为准,https://yz.scut.edu.cn/2026/1008/c30111a636991/page.htm,https://yz.scut.edu.cn/sszs/list.htm,"1. 考生务必使用考生本人有效身份证件报名，姓名和身份证信息按照有效的身份证上的信息填报，不能用曾用名或无效的身份证件填报。网上报名时，考生务必认真填写并仔细核对本人的姓名、性别、民族、身份证号、报考类别和报考专业、考试科目等重要信息
2. 报考我校单独考试相关专业在职单考班的考生须在报名阶段将个人申请书、报名信息校对表、毕业证书复印件及电子学历注册备案表、专家推荐信、单位推荐意见及学院要求的相关材料电子版发送至报考学院联系人邮箱进行审核，审核通过后考生再将纸质版原件寄送报考学院
3. 附：推荐信及学院联系方式下载
4. 考生在考前十天左右，凭网上报名时的用户名和密码登录“中国研究生招生信息网”自行下载打印《准考证》。考生凭下载打印的《准考证》及有效居民身份证参加初试和复试。《准考证》使用A4幅面白纸打印，正、反两面在使用期间不得涂改或书写，否则不予入场考试
5. 初试成绩届时将在“中国研究生招生信息网”和我校研究生招生网公布。考生自行在网上查询、打印本人初试成绩单（我校不另寄发成绩通知单）
6. （1）学校选择：因毕业学校更名等原因造成本人学信网信息、毕业证书毕业学校与报名系统现有学校名称不同或无法选择学校的，则选择“其他”，并在后面的输入框中填写学校名称（以本人学信网学籍学历信息为准），毕业学校代码请填写“00000”，不得填写更名后的学校代码和名称
7. （2）专业选择：报名系统现有专业与就读专业不同无法选取本人就读或毕业专业，需选择“其他”，并在下面的输入框中填写学信网学籍学历库或毕业证书显示的专业名称
8. 未通过学历（学籍）校验的考生应及时到学历（学籍）权威认证机构进行认证，将认证报告交报考点核验（含学历教育在读研究生培养单位同意报考证明）。考生因学籍或学历校验未通过导致不能参加考试的，后果由考生本人承担。对于学籍校验未通过的情况，可能原因如下：
9. （1）报名时输入的学历(学籍)相关信息有误：主要有姓名、证件号码、毕业学校名称、毕业年月、学历层次、获得学历的学习形式。其中姓名、证件号码务必按照本人目前所持有的有效身份证填写；毕业学校名称、毕业年月、学历层次、学习形式务必按照本人学信网学籍学历信息填写
10. （2）考生毕业后更改姓名或身份证号的，务必使用有效身份证上的姓名和身份证号进行报名，同时提供公安机关相关变更证明，切勿为通过学历验证而使用旧名或已失效的身份证号进行报名
11. （3）学历(学籍)电子注册信息有误或无学历学位信息：需咨询毕业证书颁发学校
12. 考生报名时须签署《考生诚信考试承诺书》，并遵守相关约定及要求，诚信参加考试。考生应主动查阅“中国研究生招生信息网”、省级教育招生考试机构、报考点网站及我校研究生招生网站等，了解有关报考工作安排、报名考试事项等，积极配合完成相关工作",报考我校单独考试相关专业在职单考班的考生须在报名阶段将个人申请书、报名信息校对表、毕业证书复印件及电子学历注册备案表、专家推荐信、单位推荐意见及学院要求的相关材料电子版发送至报考学院联系人邮箱进行审核，审核通过后考生再将纸质版原件寄送报考学院；所有报考我校单独考试相关专业在职单考班及初试科目包含做图科目（科目代码9xx）的考生只能选择华南理工大学报考点（考点代码4414）进行网上报名；境外学历获得者毕业证书和学位证书编号均填写相关专业机构等出具的认证报告的证书编号。（如教服留认英[2018]xxxx号或新版编号的数字）；（4）境外学历获得者须提供相关专业机构出具的学历学位认证报告,官网自动采集,2026-10-08 23:48,2026-10-10 14:16,自动识别；申请前必须打开官网逐项复核,8c036f2688e7696b0ff75b653c03871d2c6bce94ddaa0fb9deb017616a14d106,False,10
985,华南理工大学,建筑学院,建筑学院,"1. 未来人居
2. 城乡规划
3. 风景园林
4. 城市设计
5. 建筑学
6. 设计
7. 建筑
8. 景观",,,,截止时间待核验,1. 考核方式以学院后续通知为准,https://www2.scut.edu.cn/architecture/,,"1. 在陆谦受教育基金的资助下，由全球弹性设计研究计划主办、华南理工大学建筑学院承办的全球弹性设计（DRG） ...
2. 关于公示建筑学院2025-2026学年本科生学校奖学金获奖学生建议名...",待核验,官网自动采集；关键字段待人工核验,2026-09-03 03:34,2026-10-10 14:16,自动识别；申请前必须打开官网逐项复核,f4d0bfbf14e93606f07715b486cd3bed6cbaf57ddc5f2015cb761294e29c834c,True,13
985,华南理工大学,建筑学院,建筑学院关于2027年推荐免试研究生已通过审核和答辩的学术专长名单的公示,"1. 建筑学
2. 设计
3. 建筑",2026-09-08,,,截止时间待核验,1. 考核方式以学院后续通知为准,https://www2.scut.edu.cn/architecture/2026/0908/c35202a634740/page.htm,,1. 发明专利：一种面向边缘城区的消防风险评估方法和相关设备,待核验,官网自动采集；关键字段待人工核验,2026-09-08 21:02,2026-10-10 14:16,自动识别；申请前必须打开官网逐项复核,5c2c2b0b36a248d32db6aee081f9eb61fb8bdedaa710d3a839e0ae288d7f2ee8,True,11
985,华南理工大学,设计学院,设计学院,"1. 工业设计
2. 交互设计
3. 设计学
4. 设计",,,,截止时间待核验,1. 考核方式以学院后续通知为准,https://www2.scut.edu.cn/design/,https://www2.scut.edu.cn/design/yjszs/list.htm,"1. 关于公布 “2025年华南理工大学数媒竞赛”暨“第十三届全国大学生数字媒体科技作品及创意竞赛”校内选拔赛获奖名单的通知
2. 关于公示 “2025年华南理工大学数媒竞赛”暨“第十三届全国大学生数字媒体科技作品及创意竞赛”校内选拔赛获奖名单的通知
3. 竞赛获奖作品",待核验,官网自动采集；关键字段待人工核验,2026-09-03 03:34,2026-10-10 14:16,自动识别；申请前必须打开官网逐项复核,43c17701cdcdbca600543319273c38464cb65d8733afbc3295b68f9142166109,True,11
985,华南理工大学,设计学院,设计学院2027年推荐免试研究生已通过审核和答辩的学术专长及社会服务名单公示,"1. 设计学
2. 设计",2026-09-09,,,截止时间待核验,1. 考核方式以学院后续通知为准,https://www2.scut.edu.cn/design/2026/0909/c39878a634813/page.htm,https://www2.scut.edu.cn/design/yjszs/list.htm,1. 申请材料清单待官网正文进一步核验,待核验,官网自动采集；关键字段待人工核验,2026-09-09 12:51,2026-10-10 14:16,自动识别；申请前必须打开官网逐项复核,4032efc26fb3845f070230d41a1a63367341d829ca52a9adf9c517af488dd9fd,True,9
985,华南理工大学,设计学院,设计学院2027年推荐免试研究生已通过审核和答辩的学术专长及社会服务名单公示,"1. 设计学
2. 设计",2026-09-09,,,截止时间待核验,1. 考核方式以学院后续通知为准,https://www2.scut.edu.cn/design/2026/0909/c38425a634813/page.htm,https://www2.scut.edu.cn/design/yjszs/list.htm,1. 申请材料清单待官网正文进一步核验,待核验,官网自动采集；关键字段待人工核验,2026-09-09 12:51,2026-10-10 14:16,自动识别；申请前必须打开官网逐项复核,4032efc26fb3845f070230d41a1a63367341d829ca52a9adf9c517af488dd9fd,True,9
985,厦门大学,创意与创新学院,厦门大学创意与创新学院关于2027年接收推荐免试研究生预报名的通知,"1. 健康创新设计
2. 社会创新设计
3. 文化创新设计
4. 智慧创新设计",2026-07-12,2026-07-11 00:00,2026-08-31 23:59,已截止,"1. 申请人完成系统预报名并上传附件材料
2. 学院对申请材料进行审核并另行通知考核安排
3. 通过学院考核并取得推免资格后，须在教育部推免系统完成正式确认",https://ici.xmu.edu.cn/info/1331/12195.htm,https://ssyjsbm.xmu.edu.cn/,"1. 《厦门大学2027年推荐免试攻读研究生（含直博生）申请表》
2. 两位副教授及以上专家的中、英文推荐信
3. 本科阶段中、英文成绩单原件各1份，含学业排名证明并加盖学校教务部门或院系公章
4. 英语水平证明：雅思、托福、全国大学英语四六级等
5. 代表性学术论文、出版物或原创性工作成果等中、英文材料；有科研成果和获奖证书者提供中、英文扫描件
6. 身份证原件扫描件
7. 学生证原件扫描件
8. 报考陈述：含研究兴趣，中英文各1份，各1000字（词）以内，并提交本人签名扫描件
9. 设计作品集：3—5个作业或作品，至少2个独立完成；团队作品须为第一作者并注明合作者及个人完成部分；注明指导教师；中英双语；含封面不超过30页
10. 以上材料按1—9顺序整理为1个PDF，文件不超过15M",接受设计、艺术、人文社科、工程、计算机等相关背景,官网全文已核验,2026-08-02 03:16,2026-10-10 14:16,智慧创新设计与AI、智能交互、VR/游戏、智能产品高度相关,6f7c2483447bc7a2bbb5b5128d513a0a1230b7c2be7969eb2b77fb855f8fecc9,False,99
985,厦门大学,创意与创新学院,厦门大学2027年硕士研究生招生考试初试科目业务课考试内容范围说明-厦门大学招生网,"1. 705
2. 法理学和宪法学
3. 法理学：一、法理学导论；二、法理学基本概念；三、法的起源和发展；四、法的运行；五、法的价值；六、法治与法治中国
4. 宪法学：宪法基础理论；宪法原则；基本权利；国家机构的基本原理；宪法实施和监督
5. 706
6. 政治学与公共管理学
7. 政治学基本概念；西方政治学基础理论；政治现象分析；公共管理基本概念；公共管理前沿理论与分支领域；公共管理现象分析
8. 707
9. 社会学原理
10. 社会学基本概念；社会学理论；社会学主要分支学科；主要社会问题
11. 708
12. 写作与英汉互译
13. 考察学生的英语写作能力（内容详实、表达流畅，无明显语法用词错误）、英译汉与汉译英的基本功
14. 711
15. 区域国别理论与方法
16. 考察学科基础，世界史、世界经济以及国际关系这三门学科的理论基础与方法，部分考题三选一进行作答
17. 747
18. 文化遗产与文物保护学综合
19. 考察文化遗产、文物保护和博物馆学的相关基础知识、基本概念、方法与最新学术进展
20. 799",2026-10-09,,,截止时间待核验,1. 考核方式以学院后续通知为准,https://zs.xmu.edu.cn/info/1174/37042.htm,,1. 第二外语（法、德）,待核验,官网自动采集；关键字段待人工核验,2026-10-09 14:19,2026-10-10 14:16,自动识别；申请前必须打开官网逐项复核,65d40a4dbb0acc532aa6b5e23720866a5d382d524f9df0fd880a723d443bbb11,True,9
985,厦门大学,创意与创新学院,厦门大学2027年硕士研究生招生考试初试科目业务课考试内容范围说明-厦门大学招生网,"1. 705
2. 法理学和宪法学
3. 法理学：一、法理学导论；二、法理学基本概念；三、法的起源和发展；四、法的运行；五、法的价值；六、法治与法治中国
4. 宪法学：宪法基础理论；宪法原则；基本权利；国家机构的基本原理；宪法实施和监督
5. 706
6. 政治学与公共管理学
7. 政治学基本概念；西方政治学基础理论；政治现象分析；公共管理基本概念；公共管理前沿理论与分支领域；公共管理现象分析
8. 707
9. 社会学原理
10. 社会学基本概念；社会学理论；社会学主要分支学科；主要社会问题
11. 708
12. 写作与英汉互译
13. 考察学生的英语写作能力（内容详实、表达流畅，无明显语法用词错误）、英译汉与汉译英的基本功
14. 711
15. 区域国别理论与方法
16. 考察学科基础，世界史、世界经济以及国际关系这三门学科的理论基础与方法，部分考题三选一进行作答
17. 747
18. 文化遗产与文物保护学综合
19. 考察文化遗产、文物保护和博物馆学的相关基础知识、基本概念、方法与最新学术进展
20. 799",2026-10-09,,,截止时间待核验,1. 考核方式以学院后续通知为准,https://zs.xmu.edu.cn/info/1055/37032.htm,,1. 第二外语（法、德）,待核验,官网自动采集；关键字段待人工核验,2026-10-09 14:19,2026-10-10 14:16,自动识别；申请前必须打开官网逐项复核,3eb33a3d9f371a16763280cfc9caa1b844537497bede3cdc1635430adb1e3756,True,9
985,厦门大学,建筑与土木工程学院,厦门大学建筑与土木工程学院,"1. 城乡规划
2. 建筑学
3. 设计
4. 建筑
5. 景观",,,,截止时间待核验,1. 考核方式以学院后续通知为准,https://archt.xmu.edu.cn/,,"1. 作品集萃
2. 关于建筑与土木工程学院参评2025年福建省研究生优秀学位论文拟推荐名单的公示",待核验,官网自动采集；关键字段待人工核验,2026-09-05 19:56,2026-10-10 14:16,自动识别；申请前必须打开官网逐项复核,06af0a3079fb7bdd521fe91d01b78c4c27aec1befea897380c45064be848284d,True,8
985,厦门大学,建筑与土木工程学院,建筑与土木工程学院关于“土木工程+法学”双学士学位项目2026-2027学年第一学期选拔拟录取学生名单的公示-厦门大学建筑与土木工程学院,"1. 城乡规划
2. 建筑学
3. 设计
4. 建筑",2026-09-05,,,截止时间待核验,1. 考核方式以学院后续通知为准,https://archt.xmu.edu.cn/info/1043/19374.htm,,"1. 选拔工作领导小组面试
2. 等环节，决定
3. 选拔
4. 以下同学
5. 修读“
6. 土木工程+
7. 法学”双学
8. 士学位，
9. 现将学生名单予以公示：
10. 序号
11. 学号
12. 姓名
13. 所在年级
14. 所在专业（大类）
15. 25120262201319
16. 余俊豪
17. 2026级
18. 工科试验班（智慧建造与智能结构）
19. 25120262201314
20. 欧钊宏
21. 25120262201309
22. 刘锦全",待核验,官网自动采集；关键字段待人工核验,2026-09-05 19:56,2026-10-10 14:16,自动识别；申请前必须打开官网逐项复核,e98f1a990da492add0d3d4153d994ab44f8d587a9865d7f6deac756001bc3f9b,True,9
985,吉林大学,艺术学院,吉林大学艺术学院,"1. 产品设计
2. 设计学
3. 设计
4. 建筑",,,,截止时间待核验,1. 考核方式以学院后续通知为准,https://art.jlu.edu.cn/,,"1. 历年论文本科题目
2. 本科毕业论文要求
3. 艺术学院2025-2026学年国家奖学金拟获奖名...",待核验,官网自动采集；关键字段待人工核验,2026-10-09 05:24,2026-10-10 14:16,自动识别；申请前必须打开官网逐项复核,000125b9335016fed0cdad0f3356649104a15f47bbc9614075d62d38d47a6683,True,9
985,吉林大学,艺术学院,吉林大学艺术学院接收2027年推荐免试攻读硕士研究生复试成绩公示,1. 设计,2026-09-23,,,截止时间待核验,1. 考核方式以学院后续通知为准,https://art.jlu.edu.cn/info/1039/5805.htm,,"1. 历年论文本科题目
2. 本科毕业论文要求
3. 外语听说能力测试",待核验,官网自动采集；关键字段待人工核验,2026-10-09 05:24,2026-10-10 14:16,自动识别；申请前必须打开官网逐项复核,c9507898fb063a581cce616ef216b5f72cd9671f6c1458c6a226c34cce86c850,True,9
985,吉林大学,艺术学院,艺术学院2027年接收推荐免试攻读硕士研究生复试名单公示,1. 设计,2026-09-18,,,截止时间待核验,1. 考核方式以学院后续通知为准,https://art.jlu.edu.cn/info/1039/5795.htm,,"1. 长期有效第二代居民身份证（原件查验，复印件上交留存）
2. 每学期均参加注册的学生证（原件查验，复印件上交留存）
3. 《吉林大学2027年接收预推荐免试研究生申请表》（需确定获得推免资格并加盖公章，原件上交留存）
4. 加盖所在学校教务部门公章的本科期间成绩单（原件上交留存）
5. 考生诚信考试承诺书（原件上交留存）
6. 公示名单内考生，以“报考专业名称-姓名-手机号”为备注申请加入复试 QQ 群：1103656094，务必于9月19日11:00前完成进群并在复试期间随时关注群消息，复试后续相关通知将在群内发布
7. 吉林大学艺术学院
8. 2026年9月18日
9. 附件【
10. 复试考生名单.xlsx
11. 】已下载
12. 版权所有：吉林大学艺术学院
13. 地址：吉林省长春市前进大街2699号 邮编：130012",待核验,官网自动采集；关键字段待人工核验,2026-10-09 05:24,2026-10-10 14:16,自动识别；申请前必须打开官网逐项复核,0f678265002a1603015c61351df5652b9b003f7f505f17ce608b5c889857a2b5,True,9
985,同济大学,建筑与城市规划学院,信息来源： 发布日期: 2026-07-06 浏览次数:,"1. 设计
2. 建筑",2026-07-06,,2026-08-14 17:00,已截止,1. 考核方式以学院后续通知为准,https://yz.tongji.edu.cn/info/1010/4220.htm,https://yz.tongji.edu.cn/zsxw/sszs.htm,1. 申请材料清单待官网正文进一步核验,同心同德同舟楫，欢迎报考同济大学！,官网自动采集；关键字段待人工核验,2026-08-02 21:58,2026-10-10 14:16,自动识别；申请前必须打开官网逐项复核,286bc26c1f61f45551e542db905e3b2c9bbc792e0fb63b30838074c1e342c8e6,True,7
985,同济大学,设计创意学院,同济大学设计创意学院2027年接收推荐免试研究生（含直接攻博）预报名通知,"1. 设计历史与理论
2. 人工智能与数据设计
3. 工业设计
4. 交互设计
5. 媒体与传达设计
6. 环境设计
7. 产品服务体系设计
8. 设计战略、管理与创业",2026-07-11,2026-07-11 00:00,2026-08-17 12:00,已截止,"1. 学院考核选拔小组对提交材料进行综合评价
2. 根据材料审核结果确定复试考生名单
3. 学院预计于9月组织预推免复试，具体时间及安排另行通知
4. 复试不及格者不予录取",https://tjdi.tongji.edu.cn/NewsDetail.do?ID=6008&lang=,https://yzbm.tongji.edu.cn/logon,"1. 针对申请方向的硕士阶段学习计划书；学术型硕士申请者提交研究计划书
2. 作品集或相关成果集：限20页，每个作品标注创作时间、指导教师、个人贡献和作品所属单位
3. 在校成绩单：学校/学院教务部门盖章的原件扫描件，须含总评成绩排名位次/总人数
4. 外语水平证书，如大学英语六级、托福、雅思等
5. 计算机水平证书
6. 专业获奖证书及赛事官网获奖通知；无官网通知时在证书扫描件标明
7. 在专业期刊上发表的学术论文
8. 发表的优秀设计作品
9. 专利证书
10. 其他荣誉和获奖情况证明
11. 申请人有效居民身份证
12. 《教育部学籍在线验证报告》
13. 以上材料按顺序整理为1个中英文PDF，添加目录页，20M以内
14. 直博申请者另须提交两封相关学科副教授及以上专家推荐信
15. 退役大学生士兵专项申请者须上传入伍证明和退出现役证明",专业不限；明确欢迎计算机、数学、建筑、规划、景观、机械、电子信息、软件、管理、材料、心理、社会学等背景,官网全文已核验,2026-08-02 03:16,2026-10-10 14:16,作品集、研究计划和材料命名要求较严格,4525bcbffae09b6d61234ca6d478f445b420db8be32555beac8abcbcbcd6ee6f,False,99
985,哈尔滨工业大学,建筑与设计学院,哈尔滨工业大学建筑与设计学院2027年接收优秀应届本科毕业生免试攻读研究生报名通知,"1. 建筑学
2. 智慧建筑与建造
3. 城乡规划
4. 风景园林
5. 环境设计
6. 建筑环境与能源应用工程
7. 数字媒体艺术
8. 数字媒体设计
9. 工业设计",2026-07-22,2026-07-22 00:00,2026-09-05 23:59,已截止,"1. 学院分两批集中审核申请信息
2. 第一批在2026年8月23日前通知，第二批在2026年9月7日前通知
3. 第一批考核在2026年9月5日前完成，第二批在2026年9月15日前完成
4. 考核时间与方式以学院通知为准",https://arch.hit.edu.cn/2026/0722/c11953a398084/pagem.htm,https://yzb.hit.edu.cn/,"1. 所在院（系）或学校教务处盖章的成绩单原件
2. 所在院（系）或学校提供的成绩排名证明
3. 体现英语水平的证明材料：国家英语四、六级，TOEFL，GRE/GMAT等
4. 直博申请者：报考导师同意证明（邮件截图即可）及报考学科相关领域教授或相当职称专家推荐信两封
5. 其他证明材料：已发表论文（如有）
6. 其他证明材料：本科期间各类获奖证书复印件
7. 其他证明材料：其他突出表现的证明材料
8. 以上材料扫描件发送至hitarch-zs@qq.com，邮件标题为“预推免申请材料-本科院校-姓名”
9. 面试报到时携带申请材料1—4原件及其他证明材料复印件审核，并提交全部复印件",毕业专业需为通知列明的建筑、规划、景观、环境设计、数媒、工业设计等相关专业,官网全文已核验,2026-08-02 03:16,2026-10-10 14:16,系统关闭时间为9月5日,468387563ce00997960465b21b6de6c3d2817f51ea3a8feb1927ed1674d7d2f8,False,99
985,哈尔滨工业大学,建筑与设计学院,研招办,"1. 设计
2. 建筑",,2026-09-08 00:00,2026-09-23 00:00,已截止,1. 考核方式以学院后续通知为准,https://yzb.hit.edu.cn/,http://hityzb.hit.edu.cn/zhxy-yjs-zs/common/login?redirectUrl=/bssqkh/kxybm/ybmtb,1. 申请材料清单待官网正文进一步核验,待核验,官网自动采集；关键字段待人工核验,2026-09-22 21:28,2026-10-10 14:16,自动识别；申请前必须打开官网逐项复核,856b207dfa79201071c896a18acfaae24b2ea21f8b51ac113f4e7d6bb3fefcb0,True,8
985,四川大学,建筑与环境学院,四川大学建筑与环境学院—官网,"1. 设计
2. 建筑",,,,截止时间待核验,1. 考核方式以学院后续通知为准,https://acem.scu.edu.cn/,,1. 申请材料清单待官网正文进一步核验,待核验,官网自动采集；关键字段待人工核验,2026-09-18 21:09,2026-10-10 14:16,自动识别；申请前必须打开官网逐项复核,606f5a6a31a945617f3e4673bf1dd9281e02cbbc6573067b185d4fcd0e8f0885,True,10
985,四川大学,建筑与环境学院,通知公告,"1. 城乡规划
2. 风景园林
3. 建筑",2026-09-14,,,截止时间待核验,1. 考核方式以学院后续通知为准,https://acem.scu.edu.cn/info/1003/14220.htm,,"1. 注意事项：考生可凭本人有效身份证进入校门
2. 考核内容：个人陈述、外语能力考核、专业知识问答（随机抽题）、综合素质及能力测试
3. 将准备的时长不超过5分钟的个人陈述PPT
4. 包括自我评价、学业成绩、获奖情况、科研成果、专业志趣等），以PDF格式，文件名和邮件名均为“
5. 身份证
6. 报名系统中上传的申请表（
7. 本人身份证、
8. 学生证
9. 本科成绩单、推免排名证明
10. 外语水平证明、科研能力证明和有关奖项证书等材料
11. （如大学英语四、六级考试成绩单，本人发表的学术论文、出版物或原创性工作成果、奖学金证书等）；⑤手写签名的《推免生报考诚信承诺书》（附件1）
12. 申请直接攻博的学生还需提交《四川大学2027年招收直接攻读博士学位研究生入学申请表》
13. （需实名认证加群，认证方式“第一志愿专业-身份证后四位-本人姓名”），以便接收后续通知
14. 附件1-推免生报考诚信承诺书.docx",待核验,官网自动采集；关键字段待人工核验,2026-09-18 21:09,2026-10-10 14:16,自动识别；申请前必须打开官网逐项复核,ea06d75a6c6f4270b3200ea181f0710ea293f38b925ce1f140c31d7071c06f11,True,10
985,四川大学,艺术学院,硕士接收推免生专业目录_四川大学研究生招生信息网,"1. 推免生（直博）专业目录
2. 公告通知
3. 成绩查询
4. 夏令营报名
5. 博士招生
6. 招生章程
7. 招生专业目录
8. 报名审核查询
9. 港澳台招生
10. 港澳台硕士招生专业目录
11. 港澳台博士招生专业目录
12. 信息公开
13. 历年数据
14. 常见问题
15. 联系我们",,,,截止时间待核验,1. 考核方式以学院后续通知为准,https://yz.scu.edu.cn/sszyml/tmsml,,1. 申请材料清单待官网正文进一步核验,待核验,官网自动采集；关键字段待人工核验,2026-09-12 06:45,2026-10-10 14:16,自动识别；申请前必须打开官网逐项复核,7f5fb82ee796bcb93eee86e9ab5441f1fb0d19df2c318419c8e331f4742d5d4c,True,9
985,四川大学,艺术学院,新闻动态 See all,"1. 设计学
2. 设计",,,,截止时间待核验,1. 考核方式以学院后续通知为准,https://art.scu.edu.cn/,,1. 申请材料清单待官网正文进一步核验,待核验,官网自动采集；关键字段待人工核验,2026-09-18 21:09,2026-10-10 14:16,自动识别；申请前必须打开官网逐项复核,9a8e278c7db831931147a25519588e85879fdd5412b55e24c0bee92e4865047b,True,7
985,大连理工大学,建筑与艺术学院,建筑艺术学院,"1. 建筑学
2. 建筑",,,,截止时间待核验,1. 考核方式以学院后续通知为准,https://aaschool.dlut.edu.cn/,,1. 申请材料清单待官网正文进一步核验,待核验,官网自动采集；关键字段待人工核验,2026-09-24 21:36,2026-10-10 14:16,自动识别；申请前必须打开官网逐项复核,da2eb0a1fff25ddb480438b3fb261b948c2d07193a25d413278609f328bd4437,True,7
985,大连理工大学,建筑与艺术学院,建筑与艺术学院2027年硕士研究生推免待录取名单公示（9月24日）,"1. 建筑学
2. 建筑",,,,截止时间待核验,1. 考核方式以学院后续通知为准,https://aaschool.dlut.edu.cn/info/1029/9909.htm,,1. 申请材料清单待官网正文进一步核验,待核验,官网自动采集；关键字段待人工核验,2026-09-24 21:36,2026-10-10 14:16,自动识别；申请前必须打开官网逐项复核,9fb8e726aceb3fb5877f496ac1acf2b597c8da202ebd838fe2dd6e8a45394c86,True,7
985,天津大学,建筑学院,天津大学建筑学院2027年接收优秀应届本科毕业生免试攻读研究生预报名的说明,"1. 039902 非物质文化遗产学
2. 081300 建筑学
3. 083300 城乡规划学
4. 085100 建筑
5. 085300 城乡规划
6. 086200 风景园林
7. 135700 设计—环境艺术设计、视觉艺术
8. 140300 设计学—环境艺术设计及其理论、视觉艺术综合研究",2026-07-10,2026-07-13 00:00,2026-09-09 23:59,已截止,"1. 普通推免分两个批次审核报名信息：8月10日、9月9日
2. 材料审核后适时组织复试考核，额满为止
3. 导师团招生、青年导师专项和普通推免为不同申请途径
4. 导师团由团队依据教育背景、学业水平、科研能力和综合素质进行资格评审并组织面试",https://arch.tju.edu.cn/info/1218/7491.htm,https://sszs.tju.edu.cn/10056/user/login/login,"1. 个人简历（带照片），格式不限，A4大小不得超过1页
2. 身份证正反面扫描件
3. 学生证内页或《教育部学籍在线验证报告》
4. 《本科生课程成绩单》扫描件，加盖培养单位教务部门或学院公章
5. 其他证明材料：外语水平、各类奖励材料、发表论文证明等
6. 下载公告附件模板，将材料整合为1个PDF上传，文件不超过15M",不同专业与专项资格要求不同；导师团和青年导师专项对本科院校有额外要求,官网全文已核验,2026-08-02 03:16,2026-10-10 14:16,普通推免最晚建议9月9日前提交,e52f5fdfb66f0701104bd0b72dc5ebbf8ac275b1e1a3e09d76169892e5256023,False,99
985,天津大学,建筑学院,天津大学研究生招生网,"1. 导师简介
2. http://202.113.8.92/bszs/zsds
3. C.
4. 各学院博士招生咨询电话
5. 所在地
6. 学院代码名称
7. 招生管理老师
8. 咨询电话
9. 北洋园
10. 201
11. 机械工程学院
12. 张老师
13. 022-27403434
14. 205
15. 建筑工程学院
16. 董老师
17. 022-27400842
18. 207
19. 化工学院",2026-10-08,2026-10-12 00:00,2027-04-16 00:00,报名中,"1. 通讯地址详询各学院
2. 研究生招生办公室：",https://yzb.tju.edu.cn/xwzx/tkbs_xw/202610/t20261008_324747.htm,,"1. 提交申请材料说明：
2. 申请材料在初审阶段以
3. 电子版形式
4. 在报名系统中提交。申请人须将下述材料的（
5. 14
6. ）项按照《天津大学
7. 2027
8. 年报考攻读博士学位研究生申请材料模板》（
9. 模板
10. 点击
11. 此处
12. 下载
13. ）格式要求按顺序转化为一个
14. PDF
15. 文件
16. 上传报名系统（
17. 命名为：考生姓名
18. 报考专业
19. 报考导师
20. 博士申请材料
21. ）。证书、证件、成绩单、能力证明材料等上传内容须清晰可见，附件总大小不超过
22. 20MB
23. ，如上传不成功，建议更换浏览器（搜狗高速浏览器）或网络环境等
24. 申请材料清单如下：",待核验,官网自动采集,2026-10-08 23:40,2026-10-10 14:16,自动识别；申请前必须打开官网逐项复核,f06b00f0c69434ed1a007a8ae59201cc84f8480f25c9fa3125540290e4001d3a,False,7
985,天津大学,建筑学院,天津大学研究生招生网,"1. 建筑学
2. 建筑",2026-09-14,,,截止时间待核验,1. 考核方式以学院后续通知为准,https://yzb.tju.edu.cn/xwzx/zxxx/202609/t20260914_324699.htm,,1. 申请材料清单待官网正文进一步核验,待核验,官网自动采集；关键字段待人工核验,2026-09-14 12:58,2026-10-10 14:16,自动识别；申请前必须打开官网逐项复核,622a0faa7dbae3d01e7099e6f3a5dc4d54e0c223693f4e9ff6e75aa3c269fe3c,True,7
985,天津大学,建筑学院,天津大学研究生招生网,"1. 天津大学
2. 研究生
3. 招生
4. 网址：
5. http://yzb.tju.edu.cn/
6. 或微信公众号关注
7. “天津大学研究生招生”
8. 天津大学研究生招生
9. 办公室
10. 联系邮箱
11. 电话
12. yzb@tju.edu.cn
13. 02
14. 27
15. 40",2026-07-02,,,截止时间待核验,1. 考核方式以学院后续通知为准,https://yzb.tju.edu.cn/xwzx/tkss_xw/202607/t20260702_324675.htm,,"1. 取消我校
2. 免试读研资格
3. 我校将在录取当年
4. 月对所有拟录取的推免生进行资格复审。通过资格复审后，方可被正式录取，我校予以发放录取通知书。未通过资格复审者，取消其研究生录取资格
5. 本通知内容与教育主管部门下达文件不符的，以教育主管部门下达的文件为准
6. 咨询方式
7. 各院系咨询电话或邮箱见
8. 上表或
9. 招生专业目录
10. 天津大学
11. 研究生
12. 招生
13. 网址：
14. http://yzb.tju.edu.cn/
15. 或微信公众号关注
16. “天津大学研究生招生”
17. 天津大学研究生招生
18. 办公室
19. 联系邮箱
20. 电话
21. yzb@tju.edu.cn
22. 02
23. 27",待核验,官网自动采集；关键字段待人工核验,2026-08-02 21:57,2026-10-10 14:16,自动识别；申请前必须打开官网逐项复核,1c4f5c6942f3f1af53a7008b32a8eddde43cfccf9c3b59986b8c9755e102e87b,True,8
985,天津大学,建筑学院,招生信息-天津大学建筑学院,"1. 艺术设计
2. 环境设计
3. 城乡规划
4. 风景园林
5. 建筑学
6. 设计
7. 建筑",,,,截止时间待核验,"1. 现场确认1.时间：2025年5月22日下午2点-3点地点：天津大学卫津路校区建筑学院104室2.本人需携带以下材料参加现场确认：（1）《2026年天津大学博士研究生招生资格审查单》（见附件）（2）招生简章以及学院招生办法里中公布的申请材料（1-17项）。http://yzb.tju.edu.cn/xwzx/tkbs_xw/202512/t20251210_324494.htm（3）身份证原件注：1、现场确认不合格将取消面试资格或面试无效。2、提交申请材料中签字必须为手写签名。3、报考非全日制定向培养类别的考生，...
2. 详细内容>>>
3. 2026-05-12
4. 建筑学院2026年专业型博士研究生招生综合考核安排
5. 现场确认现场确认时间、地点序号学科专业现场确认时间地点1风景园林5月15日上午8:30-10:00建筑学院104室2资源与环境5月19日8:30-11:30，14:00-15:00建筑学院104室本人需携带以下材料参加现场确认：（1）《2026年天津大学博士研究生招生资格审查单》（见附件）。（2）招生简章以及学院招生办法中公布的申请材料（1-17项）。http://yzb.tju.edu.cn/xwzx/tkbs_xw/202512/t20251210_324494.htm（3）身份证原件注：1、现场确认不合格将取消面试资格或面试无效。...
6. 2026-04-17
7. 天津大学专业学位教育中心（建筑）2026年非全日制硕士调剂通知（城乡规划专业第二轮）
8. 首页
9. 上页",https://arch.tju.edu.cn/rcpy/yjspy/zsxx.htm,,"1. 详细内容>>>
2. 2026-05-12
3. 建筑学院2026年专业型博士研究生招生综合考核安排
4. 现场确认现场确认时间、地点序号学科专业现场确认时间地点1风景园林5月15日上午8:30-10:00建筑学院104室2资源与环境5月19日8:30-11:30，14:00-15:00建筑学院104室本人需携带以下材料参加现场确认：（1）《2026年天津大学博士研究生招生资格审查单》（见附件）。（2）招生简章以及学院招生办法中公布的申请材料（1-17项）。http://yzb.tju.edu.cn/xwzx/tkbs_xw/202512/t20251210_324494.htm（3）身份证原件注：1、现场确认不合格将取消面试资格或面试无效。...
5. 2026-04-17
6. 天津大学专业学位教育中心（建筑）2026年非全日制硕士调剂通知（城乡规划专业第二轮）
7. 首页
8. 上页
9. ...
10. 下页
11. 尾页
12. 津ICP备05004358号 津教备0316号
13. 天津大学建筑学院 版权所有
14. 天津市南开区卫津路92号
15. 院办：022-27404491
16. 院办：architecture@tju.edu.cn
17. 党委：022-27406776-802
18. 党委： dangbanarc@tju.edu.cn
19. 会议室预定
20. 微信公众号
21. facebook
22. instagram",根据《天津大学2027年推荐优秀应届本科毕业生免试攻读硕士学位和直接攻读博士学位研究生招生录取工作办法》的有关规定，结合我院实际，制定本细则。欢迎全国各大院校优秀应届本科毕业生申请我院推荐免试攻读硕士学位研究生（以下简称：推免硕士生）和直接攻读博士学位研究生（以下简称：直博生）。一、申请条件（一）拥护中国共产党的领导，遵守中华人民共和国宪法和法律、诚实守信，品德良好。（二）获得所在高校推免生资格，遴选推荐手续与材料齐全。...；为方便有意愿申请天津大学硕士推免生的学生提前熟悉、了解我校推免流程环节，我校开通天津大学硕士研究生招生推免系统预报名。欢迎报考天津大学建筑学院！一、申请基本条件拥护中国共产党的领导、愿为祖国建设服务、品德良好、遵纪守法的中国公民，且满足以下条件：1.在目前就读学校有机会取得教育部推荐免试研究生资格的优秀应届本科毕业生（含天津大学本校生）；2.研究兴趣浓厚，有较强的创新意识、创新能力和专业能力；3.诚实守信，...,官网自动采集；关键字段待人工核验,2026-08-02 21:57,2026-10-10 14:16,自动识别；申请前必须打开官网逐项复核,f7db08a6ed00b6b3f03cb62b6a4530cdf73b551ecfa7956b67ab9cf01cd7ce58,True,15
985,天津大学,建筑学院,建筑学院2027年接收优秀应届本科毕业生免试攻读研究生（含直博生）实施细则-天津大学建筑学院,"1. 类型
2. 专业代码
3. 专业名称
4. 学制（年）
5. 学费（万元/年）
6. 学术型
7. 硕士生和直博生
8. 081300
9. 建筑学
10. 硕士生2.5直博生5
11. 硕士生0.8
12. 直博生1
13. 硕士生
14. 083300
15. 城乡规划学
16. 140300
17. 设计学",,,,截止时间待核验,1. 考核方式以学院后续通知为准,https://arch.tju.edu.cn/info/1218/7631.htm,,"1. 招生学科专业
2. 类型
3. 专业代码
4. 专业名称
5. 学制（年）
6. 学费（万元/年）
7. 学术型
8. 硕士生和直博生
9. 081300
10. 建筑学
11. 硕士生2.5直博生5
12. 硕士生0.8
13. 直博生1
14. 硕士生
15. 083300
16. 城乡规划学
17. 140300
18. 设计学
19. 039902
20. 非物质文化遗产学
21. 专业型硕士
22. 085100
23. 建筑",根据《天津大学2027年推荐优秀应届本科毕业生免试攻读硕士学位和直接攻读博士学位研究生招生录取工作办法》的有关规定，结合我院实际，制定本细则。欢迎全国各大院校优秀应届本科毕业生申请我院推荐免试攻读硕士学位研究生（以下简称：推免硕士生）和直接攻读博士学位研究生（以下简称：直博生）,官网自动采集；关键字段待人工核验,2026-09-10 12:45,2026-10-10 14:16,自动识别；申请前必须打开官网逐项复核,992e23a4d29d7d7c48efc23f39755615342769177d7117a4bc1ff591fd9f8ba9,True,24
985,天津大学,建筑学院,建筑学院2027级硕士研究生入学考试部分初试科目考试大纲公布-天津大学建筑学院,"1. 艺术设计
2. 环境设计
3. 城乡规划
4. 风景园林
5. 建筑学
6. 设计
7. 建筑",,,,截止时间待核验,1. 考核方式以学院后续通知为准,https://arch.tju.edu.cn/info/1218/7621.htm,,1. 获奖成果,待核验,官网自动采集；关键字段待人工核验,2026-08-12 13:48,2026-10-10 14:16,自动识别；申请前必须打开官网逐项复核,95c972e8733ef811dccb01f6a4c05ef1de1f2b5716e79d58357f284e03e9bc62,True,14
985,天津大学,建筑学院,建筑学院关于调整2027级硕士研究生入学考试初试科目的公告-天津大学建筑学院,"1. 请广大考生及时知悉科目调整变化，合理规划备考复习
2. 天津大学建筑学院
3. 2026年7月15日
4. 2026年10月9日更新：
5. 天津大学研究生招生网已经公布了《天津大学2027年硕士学位研究生招生简章》、《天津大学2027年硕士学位研究生招生专业目录及初试考试自命题科目大纲》，最终调整如下：913建筑设计（三小时设计）调整为903建筑设计、912城乡规划设计（三小时设计）调整为902城乡规划设计实务、911艺术设计（三小时设计）调整为901艺术设计。详情请登录天津大学研究生招生网查看
6. 天津大学建筑学院官网已经公布了《天津大学建筑学院硕士研究生招生考试初试工具要求和考点提示》网址https://arch.tju.edu.cn/info/1216/7761.htm
7. 津ICP备05004358号 津教备0316号
8. 天津大学建筑学院 版权所有
9. 天津市南开区卫津路92号
10. 院办：022-27404491
11. 院办：architecture@tju.edu.cn
12. 党委：022-27406776-802
13. 党委： dangbanarc@tju.edu.cn
14. 会议室预定
15. 微信公众号
16. facebook
17. instagram
18. 友情链接
19. 天津大学
20. 天津大学图书馆",,,,截止时间待核验,1. 考核方式以学院后续通知为准,https://arch.tju.edu.cn/info/1218/7591.htm,,1. 获奖成果,待核验,官网自动采集；关键字段待人工核验,2026-08-02 21:57,2026-10-10 14:16,自动识别；申请前必须打开官网逐项复核,f5f96cd68ea3bf16e35e7e5b547996625ee18da1ed44d9c398350f30242d9e6f,True,15
985,天津大学,建筑学院,【导师团招生】天津大学建筑学院2027级推荐免试研究生导师团招生开始啦-天津大学建筑学院,"1. 环境设计
2. 城乡规划
3. 风景园林
4. 城市设计
5. 建筑学
6. 设计
7. 建筑
8. 景观",,2026-07-10 00:00,,截止时间待核验,1. 考核方式以学院后续通知为准,https://arch.tju.edu.cn/info/1218/7521.htm,,"1. 个人简历（带照片），格式不限，A4大小不得超过1页
2. 身份证正反面扫描件
3. 学生证内页或《教育部学籍在线验证报告》
4. 《本科生课程成绩单》扫描件（加盖培养单位教务部门或学院公章）
5. 其他证明材料（外语水平；各类奖励材料；发表论文证明等）
6. 以上材料请下载文末附件的模板，整合成一个PDF文件后上传到报名系统，PDF文件大小不得超过15M
7. 导师团应以教育背景、学业水平、科研能力、综合素质为主要评价依据对申请者进行资格评审。申请结果由导师团通知合格入围者，未接到通知的同学皆为未入选者，不再另行通知
8. 组织实施
9. 8月10日前（暂定），各导师团将在系所统筹下组织面试",待核验,官网自动采集；关键字段待人工核验,2026-08-13 13:51,2026-10-10 14:16,自动识别；申请前必须打开官网逐项复核,684e7521f3a9798c950dd50e751107090b42a3e73adfe4b204983f89352e344f,True,16
985,武汉大学,城市设计学院,城市设计学院2027年接收攻读硕士学位推免生预报名的通知,"1. 我院将依据教育部和武汉大学研究生招生政策，及时公布2027年接收推免生实施细则，敬请及时关注相关信息。未尽事宜以我院2027年接收推免生实施细则为准
2. 咨询电话：027-68774470（工作时间：8:00-11:30、14:30-17:00，周末及法定节假日休息）
3. 邮箱:jxiang72@whu.edu.cn
4. 武汉大学城市设计学院
5. 2026年9月2日
6. 上一篇：
7. 关于推选武汉大学城市设计学院第二十四次研究生代表大会代表的通知
8. 下一篇：
9. 武汉大学城市设计学院关于调整2027年招收攻读硕士学位研究生统考初试自命题科目的公告
10. 返回列表
11. 校内职能部门
12. 本科生院
13. 研究生院
14. 科学技术发展研究院
15. 人文社会科学研究院
16. 相关部委
17. 国际基金会
18. 国家自然科学基金委员会
19. 自然资源部
20. 文旅部",2026-09-02,2026-09-02 10:00,2026-09-02 10:00,已截止,1. 考核方式以学院后续通知为准,https://sud.whu.edu.cn/info/1521/51191.htm,,"1. 学习成绩优秀。总评成绩名列本学院（或系）同年级、同专业前茅。获得国家英语六级水平考试证书（或参加六级考试成绩达到425分及以上）；或雅思成绩6.5分及以上；或TOEFL成绩80分及以上的考生优先考虑；在校期间曾参加科学研究并取得原创性成果、全国专业竞赛获奖者优先接收
2. 证明材料可包括并不限于以下内容：（1）推免资格证明（如有）及所在专业推免综合排名证明；（2）本科成绩单；（3）外语水平等级证明；（4）各类获奖证书等（仅限学术类活动和竞赛获奖）；（5）报考直博生的考生需提供两名相关专业具有正高级职称专家的推荐信
3. （2）学院的综合考核将采用线上考核的方式进行。综合考核主要包括外语能力测试和综合能力面试等，考核旨在全面评估考生的外语能力、掌握本专业系统知识情况、攻读硕士（博士）学位的目的与科研计划等。考生须提前准备时长控制在5分钟以内的PPT汇报（含课程成绩和参与科研情况等）
4. （3）我院将综合考虑接受推免生计划、考生学术背景、考核综合成绩排名等因素确定通过预报名的考生名单。考生可于9月18日中午12:00前通过预报名系统查看预报名考核结果，已通过我院推免预报名考核的考生，须于",为进一步完善拔尖创新人才选拔机制，做好2027年接收应届本科毕业生免试攻读硕士研究生工作，城市设计学院将开通“推免预报名系统”，热忱欢迎有志于报考城市设计学院的推免生及时申报；证明材料可包括并不限于以下内容：（1）推免资格证明（如有）及所在专业推免综合排名证明；（2）本科成绩单；（3）外语水平等级证明；（4）各类获奖证书等（仅限学术类活动和竞赛获奖）；（5）报考直博生的考生需提供两名相关专业具有正高级职称专家的推荐信,官网自动采集,2026-09-02 12:40,2026-10-10 14:16,自动识别；申请前必须打开官网逐项复核,275f35a001db83fd574fd92c876b55151e18473d13641711b53193ccddea67f0,False,16
985,武汉大学,城市设计学院,武汉大学城市设计学院,"1. 工业设计
2. 环境设计
3. 城乡规划
4. 城市设计
5. 设计学
6. 建筑学
7. 设计
8. 建筑
9. 景观",,,,截止时间待核验,1. 考核方式以学院后续通知为准,https://sud.whu.edu.cn/,,"1. 城市设计学院关于组织开展2024年下半年博士学位论文预答辩的通知
2. “城市规划论文撰写系列讲座（武汉站）”工作方案
3. 城市规划论文撰写系列讲座
4. 城市设计学院2024年招收攻读博士学位研究生外语综合水平考试免试名单公示
5. 武汉大学城市设计学院城乡规划学专业博士研究生学位论文答辩公示（第三批）
6. 武汉大学城市设计学院城乡规划学专业博士研究生学位论文答辩公示（第二批）
7. 武汉大学城市设计学院城乡规划学专业博士研究生学位论文答辩公示（第一批）
8. 2023年城市设计学院博士研究生招生外语综合水平考核名单公示
9. 城市设计学院2023年博士研究生招生外语综合水平考试 审核结果的公示
10. 李志刚教授发表研究论文《自组织型社区能力如何影响老旧住区自主更新——以电梯加装为例》",待核验,官网自动采集；关键字段待人工核验,2026-08-02 22:01,2026-10-10 14:16,自动识别；申请前必须打开官网逐项复核,54e86c2c528977f50411786e2c33d99e704a2b7343277b717afa4cf28970d30e,True,16
985,武汉大学,城市设计学院,城市设计学院2027年接收推荐免试硕士研究生拟录取名单公示,"1. 城乡规划
2. 城市设计
3. 设计学
4. 建筑学
5. 设计
6. 建筑",2026-10-09,,,截止时间待核验,1. 考核方式以学院后续通知为准,https://sud.whu.edu.cn/info/1511/51711.htm,,1. 申请材料清单待官网正文进一步核验,待核验,官网自动采集；关键字段待人工核验,2026-10-09 23:29,2026-10-10 14:16,自动识别；申请前必须打开官网逐项复核,eaf50939f315b34787a0a973dd8001f3380c5471869e4d5e4839b843e9c9dc67,True,20
985,武汉大学,城市设计学院,武汉大学城市设计学院2027年接收优秀应届本科毕业生推荐免试攻读研究生工作实施细则,"1. 城乡规划
2. 城市设计
3. 设计学
4. 建筑学
5. 设计
6. 建筑",2026-09-18,,,截止时间待核验,"1. 学院将根据学科特点和生源特点等实时情况，适时安排复试时间，并及时将复试结果告知考生。具体考核方案另行通知
2. 复试要求及评分
3. 素质评估
4. 主要根据考生网上提交的申请材料进行评估，包括：考生的教育情况、学习成绩及平均绩点（GPA）、科研创新能力和培养潜质、外语水平以及遴选推免时的综合成绩和名次等
5. 综合面试
6. 主要测试考生掌握本专业系统知识情况、专业英语能力、攻读硕士或者博士学位的目的与科研计划等。重在考查考生综合运用所学知识的能力，科研创新能力以及对本学科前沿领域及最新研究动态的掌握情况、心理素质等
7. 复试综合成绩计算
8. 复试综合成绩=素质评估×50%+综合面试×50%。复试综合成绩、素质评估成绩以及综合面试成绩均为百分制，60分以上（含60分）为及格
9. 所有推免生均需具有复试成绩。复试单科或综合成绩不及格，不予录取
10. 待录取原则
11. 学院综合考虑接收推免生计划和复试综合成绩，从高到低择优确定接收推免生的待录取名单；思想品德考核不合格者不予录取
12. 学费和奖助学金
13. 学费：详见我校《硕士研究生招生章程》
14. 奖助学金：符合学校奖助学金文件规定类型的推免生可享受奖助学金。我校奖助学金包括研究生优秀新生奖学金、研究生国家奖学金、研究生学术创新奖、研究生学业奖学金、研究生国家助学金，并设置助教、助研、助管工作岗位和研究生专项奖学金，具体依据学校各项奖学金评定文件执行
15. 研究生优秀新生奖学金
16. 等级",https://sud.whu.edu.cn/info/1521/51451.htm,,"1. 考生的教育情况、学习成绩及平均绩点（GPA）、科研创新能力和培养潜质、外语水平以及遴选推免时的综合成绩和名次等
2. 综合面试
3. 主要测试考生掌握本专业系统知识情况、专业英语能力、攻读硕士或者博士学位的目的与科研计划等。重在考查考生综合运用所学知识的能力，科研创新能力以及对本学科前沿领域及最新研究动态的掌握情况、心理素质等
4. 复试综合成绩计算
5. 复试综合成绩=素质评估×50%+综合面试×50%。复试综合成绩、素质评估成绩以及综合面试成绩均为百分制，60分以上（含60分）为及格
6. 所有推免生均需具有复试成绩。复试单科或综合成绩不及格，不予录取
7. 待录取原则
8. 学院综合考虑接收推免生计划和复试综合成绩，从高到低择优确定接收推免生的待录取名单；思想品德考核不合格者不予录取
9. 学费和奖助学金
10. 学费：详见我校《硕士研究生招生章程》
11. 奖助学金：符合学校奖助学金文件规定类型的推免生可享受奖助学金。我校奖助学金包括研究生优秀新生奖学金、研究生国家奖学金、研究生学术创新奖、研究生学业奖学金、研究生国家助学金，并设置助教、助研、助管工作岗位和研究生专项奖学金，具体依据学校各项奖学金评定文件执行
12. 研究生优秀新生奖学金
13. 等级
14. 金额
15. 特等奖
16. 10000元
17. 一等奖
18. 5000元
19. 二等奖
20. 3000元
21. 具体评选办法详见当年《研究生优秀新生奖学金评选工作通知》
22. 信息公开
23. 本院将在学院官网公示接收推免生专业目录、招生计划、复试录取办法、拟录取推免生名单（含姓名、复试各项成绩等）、咨询申诉渠道等推免招生重要信息，并接受研究生院、纪委监察部门的指导和监督
24. 若存异议请于公示时限内反馈至以下部门：
25. 学院研究生招生办公室：向老师027-68774470，邮箱jxiang72@whu.edu.cn
26. 研究生院招生处：027-68754125
27. 温馨提示
28. 考生可同时接受多个复试通知，但只能接受一个待录取通知
29. 在考生进行接受或拒绝操作前，学院有权撤销复试或待录取通知。学院将根据考生报名情况及接收推免生工作进度，达到预期接收目标，可结束接收工作
30. 已通过学院接收推免预报名考核的考生",待核验,官网自动采集；关键字段待人工核验,2026-09-18 12:51,2026-10-10 14:16,自动识别；申请前必须打开官网逐项复核,39284fbc1339a6da737fbd3735b2f58ea34fcbc0dbbeeda7333516a3877bf6c3,True,20
985,武汉大学,城市设计学院,武汉大学城市设计学院关于调整2027年招收攻读硕士学位研究生统考初试自命题科目的公告,"1. 特此公告
2. 武汉大学城市设计学院
3. 2026年7月7日
4. 上一篇：
5. 城市设计学院2027年接收攻读硕士学位推免生预报名的通知
6. 下一篇：
7. 关于举办2026年“珞珈印象杯”武汉大学校园文创设计大赛的通知
8. 返回列表
9. 校内职能部门
10. 本科生院
11. 研究生院
12. 科学技术发展研究院
13. 人文社会科学研究院
14. 相关部委
15. 国际基金会
16. 国家自然科学基金委员会
17. 自然资源部
18. 文旅部
19. 院内接口",2026-07-08,,,截止时间待核验,1. 考核方式以学院后续通知为准,https://sud.whu.edu.cn/info/1521/50951.htm,,1. 申请材料清单待官网正文进一步核验,最终以学校公布的《武汉大学2027年硕士研究生招生专业目录》为准，欢迎大家报考！,官网自动采集；关键字段待人工核验,2026-08-02 22:01,2026-10-10 14:16,自动识别；申请前必须打开官网逐项复核,17075af51554d6a45917d3b08f4912948a32696ff82822edccad8f4c0e937c85,True,15
985,武汉大学,城市设计学院,武汉大学城市设计学院2026年接收优秀应届本科毕业生推荐免试攻读研究生工作实施细则,"1. 城乡规划
2. 城市设计
3. 设计学
4. 建筑学
5. 设计
6. 建筑",,,,截止时间待核验,"1. 学院将根据学科特点和生源特点等实时情况
2. ，适时安排复试时间，并及时将复试结果告知考生。为方便考生，也可根据推免生的来源学校、地区分布等情况，可采取多样化的复试方式，
3. 具体考核方案另行通知
4. 复试要求及评分
5. 素质评估",https://sud.whu.edu.cn/info/1521/47071.htm,,"1. ，包括：考生的教育情况、学习成绩及平均绩点（
2. GPA
3. ）、科研创新能力和培养潜质、外语水平以及遴选推免时的综合成绩和名次等
4. 合面试
5. 主要测试考生掌握本专业系统知识情况
6. 、专业英语能力、攻读硕士或者博士学位的目的与科研计划等。重在考查考生综合运用所学知识的能力，科研创新能力以及对本学科前沿领域及最新研究动态的掌握情况、心理素质等
7. 复试综合成绩计算
8. 复试综合成绩
9. 素质评估
10. 0%+
11. 综合面试
12. ×50%
13. 复试综合成绩、素质评估成绩以及综合面试成绩均为百分制，
14. 60
15. 分以上（含
16. 分）为及格
17. 所有推免生均需具有复试成绩。复试单科或综合成绩不及格，不予录取
18. 待录取原则
19. 学院综合考虑接收推免生计划和复试综合成绩，从高到低择优确定接收推免生的待录取名单；思想品德考核不合格者不予录取
20. 学费和奖助学金
21. 学费：详见我校《硕士研究生招生章程》
22. 奖助学金：
23. 符合学校奖助学金文件规定类型的推免生可享受奖助学金
24. 我校奖助学金包括研究生优秀新生奖学金、研究生国家奖学金、研究生学术创新奖、研究生学业奖学金、研究生国家助学金，并设置助教、助研、助管工作岗位和研究生专项奖学金，具体依据学校各项奖学金评定文件执行",待核验,官网自动采集；关键字段待人工核验,2026-08-02 22:01,2026-10-10 14:16,自动识别；申请前必须打开官网逐项复核,6a794c6abd71a767619a2866eb9180d569660002f5fde57c272d68012f1c8565,True,14
985,武汉大学,城市设计学院,城市设计学院关于2026年推免生预报名的通知,"1. 我院将依据教育部和武汉大学研究生招生政策，及时公布202
2. 年接收推免生实施细则，敬请及时关注相关信息。未尽事宜以我院202
3. 年接收推免生实施细则为准
4. 咨询电话：027-68774470（工作时间：8:00-11:30、14:30-17:00，周末及法定节假日休息）
5. 邮箱:jxiang72@whu.edu.cn
6. 武汉大学城市设计学院
7. 2025年9月8日
8. 上一篇：
9. 武汉大学城市设计学院2026年接收优秀应届本科毕业生推荐免试攻读研究生工作实施细则
10. 下一篇：
11. 关于中共武汉大学第十届委员会第一轮巡视第五巡视组巡视城市设计学院党委的公告
12. 返回列表
13. 校内职能部门
14. 本科生院
15. 研究生院
16. 科学技术发展研究院
17. 人文社会科学研究院
18. 相关部委",,,,截止时间待核验,1. 考核方式以学院后续通知为准,https://sud.whu.edu.cn/info/1521/46861.htm,,"1. 所在学校为高水平大学或全国重点大学；或所在学科在最新一轮国家一级学科整体水平评估中排名前20%的高校的考生优先考虑
2. 学习成绩优秀。总评成绩名列本学院（或系）同年级、同专业前茅。获得国家英语六级水平考试证书（或参加六级考试成绩达到425分及以上）；或雅思成绩6.5分及以上；或TOEFL成绩80分及以上的考生优先考虑；在校期间曾参加科学研究、全国竞赛获奖者优先接收
3. 证明材料可包括并不限于以下内容：（1）推免资格证明及所在专业推免综合排名证明；（2）本科成绩单；（3）外语水平等级证明；（4）各类获奖证书等（仅限学术类活动和竞赛获奖）
4. （3）我院将综合考虑接受推免生计划、考生学术背景、考核综合成绩排名等因素确定通过预报名的考生名单。考生可于9月20日中午12:00前通过预报名系统查看预报名考核结果，已通过我院推免预报名考核的考生，须于",为进一步完善拔尖创新人才选拔机制，做好2026年接收应届本科毕业生免试攻读硕士研究生工作，城市设计学院将开通“推免预报名系统”，热忱欢迎有志于报考城市设计学院的推免生及时申报,官网自动采集；关键字段待人工核验,2026-08-02 22:01,2026-10-10 14:16,自动识别；申请前必须打开官网逐项复核,b10bd80cb7e1fb89f68be1dfe3df78af4dacde39f798ebc05c95c7d3c2397080,True,10
985,武汉大学,城市设计学院,武汉大学城市设计学院2025年接收推荐免试硕士研究生工作实施细则,"1. 城乡规划
2. 城市设计
3. 设计学
4. 建筑学
5. 设计
6. 建筑",,,,截止时间待核验,"1. 学院将根据学科特点和生源特点等实时情况，适时安排复试时间，并及时将复试结果告知考生。为方便考生，也可根据推免生的来源学校、地区分布等情况，可采取多样化的复试方式，如远程网络复试等
2. 具体考核方案另行通知
3. 复试要求及评分
4. 背景评估
5. 主要根据考生网上提交的申请材料进行评估，包括：考生的教育背景、学习成绩及平均绩点（
6. GPA
7. ）、科研创新能力和培养潜质、外语水平以及遴选推免时的综合成绩和名次等
8. 合面试
9. 主要测试考生掌握本专业系统知识情况、专业英语能力、攻读硕士学位的目的与科研计划等。重在考查考生综合运用所学知识的能力，科研创新能力以及对本学科前沿领域及最新研究动态的掌握情况、心理素质等
10. 复试综合成绩计算
11. 复试综合成绩、背景评估成绩以及综合面试成绩均为百分制，
12. 60
13. 分以上（含",https://sud.whu.edu.cn/info/1521/42431.htm,,"1. 考生的教育背景、学习成绩及平均绩点（
2. GPA
3. ）、科研创新能力和培养潜质、外语水平以及遴选推免时的综合成绩和名次等
4. 合面试
5. 主要测试考生掌握本专业系统知识情况、专业英语能力、攻读硕士学位的目的与科研计划等。重在考查考生综合运用所学知识的能力，科研创新能力以及对本学科前沿领域及最新研究动态的掌握情况、心理素质等
6. 复试综合成绩计算
7. 复试综合成绩、背景评估成绩以及综合面试成绩均为百分制，
8. 60
9. 分以上（含
10. 分）为及格。复试综合成绩
11. 背景评估
12. 0%＋综合面试×50%
13. 复试单科或综合成绩不及格，不予录取。所有推免生均需具有复试成绩
14. 、录取工作：综合考虑接收推免生计划和复试综合成绩，择优确定接收推免生的拟录取名单
15. 推免生录取名单及新生学籍注册均以
16. “推免服务系统”备案信息为准，未经公示及“推免服务系统”备案的考生不得录取
17. 全日制推免生奖励措施
18. 符合学校奖助学金文件规定类型的推免生可享受奖助。我校奖助学金包括研究生优秀新生奖学金、研究生国家奖学金、研究生学术创新奖、研究生学业奖学金、研究生国家助学金、设置助教、助研、助管（简称
19. “三助”）工作岗位和研究生专项奖学金，具体依据学校各项奖学金评定文件执行
20. 研究生新生奖学金
21. 特等奖，奖金10000元。奖励对象为来自高水平大学，或所在学科在教育部学位与研究生教育发展中心全国最新一轮学科评估（以下简称“学科评估”）中排名前10%，且学习成绩在生源学校本专业排名前1%且为第1名的研究生新生
22. 一等奖，奖金5000元。奖励对象为来自高水平大学，或所在学科在教育部最新一轮学科评估中排名前10%，且学习成绩在生源学校本专业排名前5%的研究生新生
23. 二等奖，奖金3000元。奖励对象为来自高水平大学，或所在学科在教育部最新一轮学科评估中排名前10%，且学习成绩在生源学校本专业排名前10%的研究生新生；以及来自全国重点大学，或所在学科在教育部最新一轮学科评估中排名前20%，且学习成绩在生源学校本专业排名前3%的研究生新生",待核验,官网自动采集；关键字段待人工核验,2026-08-02 22:01,2026-10-10 14:16,自动识别；申请前必须打开官网逐项复核,48414da6874e7e1ccfb24313d3681caa0b5e677e52783119c8ea19873e94c742,True,11
985,武汉大学,城市设计学院,武汉大学城市设计学院2024年接收推荐免试硕士研究生工作实施细则,"1. 城乡规划
2. 城市设计
3. 设计学
4. 建筑学
5. 设计
6. 建筑",,,,截止时间待核验,"1. 学院实行线上和线下相结合的复试办法。本校的考生现场复试，外校的考生线上复试。学院研究生工作办公室将拟发放复试通知考生名单报院招生工作领导小组审核通过后，各复试工作小组将采取相应的方式，对进入复试名单的考生实施综合面试、评分排序并上报复试结果。具体考核方案另行通知
2. 复试要求及评分
3. 背景评估
4. 主要根据考生网上提交的申请材料进行评估，包括：考生的教育背景、学习成绩及平均绩点（GPA）、科研创新能力和培养潜质、外语水平以及遴选推免时的综合成绩和名次等
5. 专业笔试
6. 采用综合型、开放型的能力型试题，主要测试考生掌握本专业基本理论、基础知识及基本技能情况等
7. 综合面试
8. 主要测试考生掌握本专业系统知识情况、专业英语能力、攻读硕士学位的目的与科研计划等。重在考查考生综合运用所学知识的能力，科研创新能力以及对本学科前沿领域及最新研究动态的掌握情况、心理素质等
9. 复试综合成绩计算
10. 复试综合成绩、背景评估成绩、专业笔试及综合面试成绩均为百分制，60分及格。复试综合成绩=背景评估×30%＋专业笔试成绩×20%＋综合面试×50%。复试单科或综合成绩不及格，不予录取。所有推免生均需具有复试成绩
11. 录取工作：综合考虑接收推免生计划和复试综合成绩，择优确定接收推免生的拟录取名单
12. 推免生录取名单及新生学籍注册均以“推免服务系统”备案信息为准，未经公示及“推免服务系统”备案的考生不得录取
13. 思想政治素质和品德考核是接收推免生工作的重要环节，思想品德考核不合格者不予录取
14. 全日制推免生奖励措施
15. 研究生新生奖励继续按《武汉大学研究生优秀新生奖学金评选办法》执行，以学校批准发布为准
16. 信息公开",https://sud.whu.edu.cn/info/1521/13761.htm,,"1. 考生的教育背景、学习成绩及平均绩点（GPA）、科研创新能力和培养潜质、外语水平以及遴选推免时的综合成绩和名次等
2. 专业笔试
3. 采用综合型、开放型的能力型试题，主要测试考生掌握本专业基本理论、基础知识及基本技能情况等
4. 综合面试
5. 主要测试考生掌握本专业系统知识情况、专业英语能力、攻读硕士学位的目的与科研计划等。重在考查考生综合运用所学知识的能力，科研创新能力以及对本学科前沿领域及最新研究动态的掌握情况、心理素质等
6. 复试综合成绩计算
7. 复试综合成绩、背景评估成绩、专业笔试及综合面试成绩均为百分制，60分及格。复试综合成绩=背景评估×30%＋专业笔试成绩×20%＋综合面试×50%。复试单科或综合成绩不及格，不予录取。所有推免生均需具有复试成绩
8. 录取工作：综合考虑接收推免生计划和复试综合成绩，择优确定接收推免生的拟录取名单
9. 推免生录取名单及新生学籍注册均以“推免服务系统”备案信息为准，未经公示及“推免服务系统”备案的考生不得录取
10. 思想政治素质和品德考核是接收推免生工作的重要环节，思想品德考核不合格者不予录取
11. 全日制推免生奖励措施
12. 研究生新生奖励继续按《武汉大学研究生优秀新生奖学金评选办法》执行，以学校批准发布为准
13. 信息公开
14. 本院将在学院官网公示公开接收推免生专业目录、招生计划、复试录取办法、拟录取推免生名单（含姓名、复试成绩等）、咨询申诉渠道等推免招生重要信息并接受研究生院、纪委监察部门对接收推免生信息公开工作的指导和监督
15. 拟录取推免生名单（含姓名、复试成绩等）将于学院官网公示10个工作日（http://sud.whu.edu.cn/），若存异议请于公示时限内反馈至以下部门：
16. 学院研究生招生办公室：027-68774470
17. 研究生院招生处：027-68754125
18. 本实施细则由学院研究生招生工作领导小组负责解释。如有与学校文件不一致之处,以学校文件为准。未尽事宜见《武汉大学2024年接收优秀应届本科毕业生免试攻读研究生公告》
19. 城市设计学院
20. 2023年9月25日
21. 上一篇：
22. 关于面向2023级本科生开展烛光导航工程的通知
23. 下一篇：
24. 武汉大学城市设计学院2024年接收推荐免试 硕士研究生预报名的通知
25. 返回列表
26. 校内职能部门
27. 本科生院
28. 研究生院
29. 科学技术发展研究院
30. 人文社会科学研究院",待核验,官网自动采集；关键字段待人工核验,2026-08-02 22:01,2026-10-10 14:16,自动识别；申请前必须打开官网逐项复核,f422d78f1a965ac81e8aedcb38c29d612a19b5c09a4b1d3ff8aedb9b605b249f,True,11
985,武汉大学,城市设计学院,武汉大学城市设计学院2024年接收推荐免试 硕士研究生预报名的通知,"1. 城乡规划
2. 城市设计
3. 设计学
4. 建筑学
5. 设计
6. 建筑",,,,截止时间待核验,"1. 按一级学科划分成立专家组，采用线上与线下想结合的方式对入围者进行综合面试考核
2. 学院研究生工作办公室向考生发放复试通知后，各系复试小组在学院招生工作领导小组确定的方案要求下即时组织综合面试。收到复试通知的考生请以“报考专业+实名”提前申请加入“城市设计学院2024预推免工作群”，QQ号：743691678
3. 复试综合成绩=背景评估×30%＋专业笔试成绩×20%＋综合面试×50%。考核综合成绩、背景评估成绩、专业笔试及综合面试成绩均为百分制，60分及以上视为及格。单科考核或综合考核成绩不及格者不予录取。所有推免生均需具有复试成绩
4. 学院根据复试综合成绩确定考核合格名单，经审核后通知考生
5. 注意事项
6. 申请人提交的各类信息和材料必须真实准确，凡弄虚作假的，一经查实将取消参加考核资格及考核成绩，并通报本科就读学校
7. 经我院推免预报名考核合格的考生，正式取得所在学校推免生资格后，须在“全国推免服务系统”开通（具体时间以教育部研招网公布的时间为准，网址:http://yz.chsi.com.cn/tm）第一天上午10：00前登录该系统完成注册、信息提交和志愿填报，并通过该系统完成“接受复试通知”、“接受待录取通知”等操作，方可录取为我院2024年推荐免试硕士研究生。报考志愿应按照我院预报名考核合格的专业填报。考生未按要求登录系统进行操作或未按时、按要求填报志愿，视为放弃",https://sud.whu.edu.cn/info/1521/13751.htm,,"1. //yz.whu.edu.cn)”，选择“夏令营&推免预报名”项目，根据系统提示在线填写申请信息并上传材料。建议使用谷歌浏览器、火狐浏览器或Edge浏览器登录。（已参加本院夏令营并取得有优秀营员的考生无需再次填写个人信息，系统每天0:00-6:00进行信息维护，提醒考生尽量避开此时段使用）
2. 需要上传的材料包括：（1）获得所在学校推免生资格证明及专业排名证明（须学校或学院教务部门盖章），（2）其它证明材料（含本科成绩单、英语六级成绩单、学术竞赛获奖证书等）。文件名及附件名命名格式：学校+姓名（材料类型），如武汉大学+张三（本科成绩单）
3. 学院进行考生志愿筛选、查询及资格审核工作，审核申请人材料后确定拟考核名单，通过预报名系统发出考核通知，考生收到考核通知后须在规定时间内通过系统确认参加考核，未确认的视为放弃考核。学院通过查看考生回应状态和志愿详情，研究、确定复试名单后，下载接受复试考生名单并向考生发放通知组织复试
4. 考核选拔
5. 考核时间和内容：
6. 考核时间为9月26日。具体安排另行通知
7. 考核由背景评估、专业笔试和综合面试三部分组成
8. （1）背景评估主要根据考生网上提交的申请材料进行评估，包括：考生的教育背景、学习成绩及平均绩点（GPA）、科研能力、外语水平以及所在学校遴选推免资格时的综合成绩和名次等
9. （2）专业笔试：采用综合型、开放型的能力型试题，主要测试考生掌握本专业基本理论、基础知识及基本技能情况等
10. （3）综合面试包括掌握本专业系统知识情况、专业英语能力、攻读硕士学位的目的与科研计划、心理素质测试等，重在考查考生综合运用所学知识的能力、科研创新能力（专业能力倾向）以及对本学科前沿领域及最新研究动态的掌握情况等
11. 综合面试考核方式：按一级学科划分成立专家组，采用线上与线下想结合的方式对入围者进行综合面试考核
12. 学院研究生工作办公室向考生发放复试通知后，各系复试小组在学院招生工作领导小组确定的方案要求下即时组织综合面试。收到复试通知的考生请以“报考专业+实名”提前申请加入“城市设计学院2024预推免工作群”，QQ号：743691678
13. 复试综合成绩=背景评估×30%＋专业笔试成绩×20%＋综合面试×50%。考核综合成绩、背景评估成绩、专业笔试及综合面试成绩均为百分制，60分及以上视为及格。单科考核或综合考核成绩不及格者不予录取。所有推免生均需具有复试成绩
14. 学院根据复试综合成绩确定考核合格名单，经审核后通知考生",凡取得所在学校推免生资格、身心健康，来自高水平大学的考生，均可接收为推免硕士生，在校期间参加科学研究、全国竞赛等活动表现突出者优先接收；优秀营员第一志愿为武汉大学且服从调剂，可优先接收；可接收跨专业推免（有推免限制的专业除外）,官网自动采集；关键字段待人工核验,2026-08-14 01:18,2026-10-10 14:16,自动识别；申请前必须打开官网逐项复核,33ddee3006b05c98d9bcc29af94ac66eaeb94358067d786e51b323b47c5ad77b,True,17
985,清华大学,深圳国际研究生院,清华大学深圳国际研究生院2027年接收优秀应届本科毕业生免试攻读研究生报名通知,"1. 085100 建筑—未来人居设计
2. 085300 城乡规划—未来人居项目
3. 085400 电子信息—互动媒体设计与技术
4. 085400 电子信息—互联网+创新设计",2026-06-30,2026-07-01 10:00,2026-07-28 15:00,已截止,"1. 网上报名并提交电子材料
2. 院系对申请材料进行审核并组织复试
3. 通过复试并同意接收者在系统查询初步录取结果
4. 录取当年6月进行资格复审",https://www.sigs.tsinghua.edu.cn/2026/0630/c7769a291820/page.htm,https://yzbm.tsinghua.edu.cn,"1. 有效身份证明（二代居民身份证）
2. 在学证明（学生证）
3. 本人自述
4. 外语水平证明
5. 专家推荐信2封：在线邀请两位与申请学科相关的副教授（含）以上职称专家填写并上传
6. 本科学业成绩单（含学业排名证明）
7. 学科/项目要求提交的其他附加申请材料及其证明
8. 本校应届本科毕业生不需提供在学证明、专家推荐信和成绩单",多个设计、建筑、电子信息交叉项目；具体背景要求以项目说明为准,官网全文已核验,2026-08-02 03:16,2026-10-10 14:16,已截止,570cdc37484982090762fd5591862be858d0a393284ebe5a0a2417a3639abf0b,False,99
985,清华大学,美术学院,清华大学美术学院2027年接收外校优秀应届本科毕业生推荐免试攻读研究生相关要求,"1. 130100 艺术学
2. 140300 设计学
3. 135700 设计
4. 135600 美术与书法
5. 1403J1 信息艺术设计交叉学科",2026-07-02,2026-07-01 10:00,2026-07-28 15:00,已截止,"1. 申请材料形式审查
2. 进入复试后参加综合考核；具体考核办法另行发布
3. 硕士申请人提前准备5分钟个人陈述PPT
4. 博士申请人提前准备10分钟个人陈述PPT",https://www.ad.tsinghua.edu.cn/__local/C/64/63/04E2EC726830D5C80FE85AD768F_8CA56269_1A263.pdf,https://yzbm.tsinghua.edu.cn,"1. 有效身份证明
2. 在学证明
3. 本人自述及研究计划
4. 外语水平证明
5. 清华大学研究生招生考生诚信承诺书
6. 《申请攻读推荐免试硕士学位研究生报名登记表》
7. 两封与报考专业相关的副教授（或相当职称）及以上专家推荐信
8. 本科学业成绩单及排名证明（须加盖学校教务处或本科生院公章）
9. 申请140300设计学、135700设计及135600美术与书法：个人电子版作品集，20幅左右，A4，100M以内
10. 申请1403J1信息艺术设计交叉学科：艺术类背景须上传作品集；非艺术类背景可自愿提交作品集，不提交时上传本人签名说明
11. 其他可证明科研水平和能力的材料；建议提交获奖证书、高质量学术论文、出版物或具有学术水平的工作成果证明",信息艺术设计交叉学科接受非艺术类背景申请；排名条件按通知执行,官网全文已核验,2026-08-02 03:16,2026-10-10 14:16,已截止；材料清单按硕士推免部分整理,cdd8536ef73aaeef4e020106d0188942dd8632f7234709186bfa0b5cfdbbe8f4,False,99
985,清华大学,深圳国际研究生院,清华大学深圳国际研究生院2027年博士研究生招生简章,"1. 建筑学
2. 设计
3. 建筑",2026-06-30,2026-07-01 00:00,2026-11-30 15:00,报名中,1. 考核方式以学院后续通知为准,https://www.sigs.tsinghua.edu.cn/2026/0630/c7769a291909/page.htm,,"1. 申请人申请
2. 应届本科生推荐免试攻读博士学位研究生
3. 符合清华大学
4. 2027年接收优秀应届本科毕业生免试攻读研究生的相关规定。申请人将以下材料在
5. 2026年7月1日10:00-2026年7月28日15:00
6. 通过我校研究生申请服务系统（
7. yzbm.tsinghua.edu.cn）进行提交，逾期不予受理
8. 有效身份证明
9. 在学证明（清华大学本科生推荐免试攻读研究生无需提交）
10. 本人自述
11. 外语水平证明
12. 本科学业成绩单（清华大学本科生推荐免试攻读研究生无需提交）
13. 两封与报考专业相关的副教授(或相当职称)或以上职称专家推荐信（清华大学本科生推荐免试攻读研究生无需提交）
14. 清华大学研究生招生考生诚信承诺书
15. 《申请攻读推荐免试硕士/博士学位研究生报名登记表》
16. 其他可证明科研水平和能力的材料
17. 申请专业要求提交的其他材料，详情请见申请系统
18. 硕博连读攻读博士学位研究生
19. 依据我校《关于在校硕士生硕博连读的招生办法》及相关要求进行申请。申请人将以下材料在",由我院相关专业或研究方向组成专家组，每个专家组至少,官网自动采集,2026-08-02 21:54,2026-10-10 14:16,自动识别；申请前必须打开官网逐项复核,a58dcc776c570dc7e4c5a688448adf7f01405d6a1d360cab750c6bb6300a92c3,False,9
985,清华大学,深圳国际研究生院,清华大学深圳国际研究生院2027年招收国际研究生招生说明,"1. 硕士研究生的修业年限一般为二年
2. 博士研究生的修业年限一般为三年至四年；学士学位获得者直接攻读博士学位的，修业年限一般为四年至五年
3. 博士招生专业
4. 序号
5. 学科代码
6. 专业
7. 名称
8. 20200
9. 应用经济学
10. 071000
11. 生物学
12. 070300
13. 化学
14. 080200
15. 机械工程",2026-09-18,,2027-01-21 00:00,报名中,1. 考核方式以学院后续通知为准,https://www.sigs.tsinghua.edu.cn/2026/0918/c7769a293366/page.htm,,"1. 硕士学位项目申请者
2. 应具有与中国学士学位相当的学位
3. 博士学位项目申请者
4. 应具有与中国硕士学位相当的学位
5. 027年我
6. 研究生新生入学报到日之前必须取得国家承认的学士或硕士学位（境内高校）或教育部留学服务中心出具的《国（境）外学历学位认证书》（境外高校），否则录取资格无效
7. 我院可招收本科学历国际学生直接攻读博士学位，
8. 申请者除了满足清华大学统一要求外，还须满足本院系以下要求：申请者需提供我院相关报考项目认可的汉语水平考试成绩，可接受的考试包括但不限于HSK(
9. 汉语水平考试
10. 英语非母语申请者的雅思（IELTS
11. ）成绩不低于
12. 分，或托福
13. (TOEFL iBT)
14. 成绩不低于
15. 85
16. 分（适用于
17. 2026
18. 21
19. 日前参加的考试）
20. / 4.5",欢迎关注清华大学深圳国际研究生院招生办公室,官网自动采集,2026-09-18 20:58,2026-10-10 14:16,自动识别；申请前必须打开官网逐项复核,75d2b132b950a2f1415a8687e849edf69c093e4b6e5f083c95fa481cb783ea1f,False,9
985,湖南大学,设计艺术学院,公告,"1. 工业设计
2. 设计",,,,截止时间待核验,1. 考核方式以学院后续通知为准,https://design.hnu.edu.cn/gg.htm,,1. 申请材料清单待官网正文进一步核验,待核验,官网自动采集；关键字段待人工核验,2026-09-21 23:16,2026-10-10 14:16,自动识别；申请前必须打开官网逐项复核,d63c674bf141215ef7019f51c2185068a9e4e8c74bc74b1075bb76c8013e9b3e,True,7
985,湖南大学,设计艺术学院,公告,"1. 工业设计
2. 设计学
3. 设计",2026-09-20,,,截止时间待核验,1. 考核方式以学院后续通知为准,https://design.hnu.edu.cn/info/1031/9332.htm,,1. 申请材料清单待官网正文进一步核验,待核验,官网自动采集；关键字段待人工核验,2026-09-21 23:16,2026-10-10 14:16,自动识别；申请前必须打开官网逐项复核,1dbd4278f9584850fb1d4e0c96491e9f42c0e31c5e7904ef147a4fecaadcd69d,True,10
985,湖南大学,设计艺术学院,公告,"1. 湖南大学设计艺术学院2027年接收推荐免试攻读研究生（含直博生）拟定88人。设计学（140300）学术学位、设计（135700）专业学位均接收推荐免试攻读硕士研究生；设计学（140300）学术学位招收直博生
2. 说明：实际招生专业以学校最终公布的2027年研究生推免招生专业目录为准。各专业实际接收推免生人数将根据招生计划、生源情况等进行调整，以实际录取为准",2026-09-10,,,截止时间待核验,1. 考核方式以学院后续通知为准,https://design.hnu.edu.cn/info/1031/9308.htm,https://yjszsxt.hnu.edu.cn/zsxt/tmsgl/default.aspx,"1. //yjszsxt.hnu.edu.cn/zsxt/tmsgl/default.aspx）”进行网上预报名，如实填写各项信息、上传申请材料
2. 申请材料包括：
3. 个人简历、身份证和学生证（或学信网学籍在线认证报告）
4. 本科成绩单和总评成绩排名证明（由教务处盖章或所在学院盖章）
5. 英语水平证明材料（CET-4、CET-6、TOEFL、IELTS等成绩单）
6. 学术科研成果（公开发表的论文等）和获奖证书
7. 参加社会实践、公益事业等的证明材料
8. 其他可反映自身能力和水平的相关材料
9. 要求：申请人将以上材料按照1-6项按顺序整理成一个PDF文件（A4纵向版面，内容清晰，文件大小不超过10M）上传报名系统
10. 图钉墙上传“个人简历作品集”
11. 申请人在“湖南大学推免生预报名系统”完成报名的基础上，还需要在湖南大学设计艺术学院图钉墙完成“个人简历作品集”上传
12. 申请人务必首先实名注册图钉墙账号，图钉墙网址：
13. https://pinwall.cn/
14. 申请人上传前请先查阅操作流程：
15. https://pinwall.cn/project/48459
16. 申请人上传“个人简历作品集”到文件夹《2027级推免生“个人简历作品集”》，网址如下：
17. https://pinwall.cn/uploadWork/1?topicId=1713&code=au6jDMk7kYRV4uvr
18. （请注意一定要上传到这个指定文件夹中，其他文件夹无效）
19. 上传文件具体要求如下：
20. 只能上传1个文件，PDF格式，文件大小不超过50M
21. 文件名或标题按照如下格式：“预报名系统申请编号-姓名-本科学校-本科专业”
22. 作品集内容包含“基本信息”与“个人作品与科研成果”两个部分。基本信息包含姓名、本科高校、专业、排名等内容（请勿上传身份证等敏感数据）。“个人作品与科研成果”原则上不超过5件作品与成果
23. 上传截止时间：9月11日23点
24. 图钉墙的个人简历作品集信息公开，接受社会监督。如涉及个人隐私或者保密信息，请进行适当处理
25. 综合考核
26. 综合考核包括材料审核和面试环节。所有考生参加综合考核前均需提交本人签名的《诚信考核承诺书》
27. 材料审核
28. 学院成立专家组对申请人提供的申请材料进行审核给出成绩（满分100分），并根据招生计划和申请情况，确定进入面试考核的名单
29. 面试
30. 面试形式、时间：",待核验,官网自动采集；关键字段待人工核验,2026-09-21 23:16,2026-10-10 14:16,自动识别；申请前必须打开官网逐项复核,415be4f8debf9df3406b0f6834d50dd7f866f65cdca5ebc6741b6ed8cf64241b,True,11
985,湖南大学,设计艺术学院,公告,"1. 类型
2. 学位类别
3. 招生专业代码
4. 招生专业名称
5. 直博
6. 学术学位
7. 40300
8. 设计学
9. 硕士
10. 专业学位
11. 35700
12. 设计
13. 我院硕士研究生基本学制为
14. 3年，直博生基本学制为5年，具体以当年度专业培养方案为准",2026-08-29,,,截止时间待核验,1. 考核方式以学院后续通知为准,https://design.hnu.edu.cn/info/1031/9287.htm,https://yjszsxt.hnu.edu.cn/zsxt/tmsgl/default.aspx,1. 学校和学院2027年研究生招生相关信息将及时公布在湖南大学研究生院网站（http://gra.hnu.edu.cn/）、湖南大学设计艺术学院网站（http://design.hnu.edu.cn/），请考生密切关注,湖南大学设计艺术学院竭诚欢迎全国各高校优秀应届本科毕业生推荐免试来我校攻读研究生。为做好,官网自动采集；关键字段待人工核验,2026-09-21 23:16,2026-10-10 14:16,自动识别；申请前必须打开官网逐项复核,435ff42a48326ae1949d94596706f40214bb52e20f9b7656a345998f07c60107,True,11
985,湖南大学,设计艺术学院,湖南大学建筑与规划学院,"1. 建筑学
2. 设计
3. 建筑",,,,截止时间待核验,1. 考核方式以学院后续通知为准,https://arch.hnu.edu.cn/,https://arch.hnu.edu.cn/index/zsjy/yjszs.htm,1. 申请材料清单待官网正文进一步核验,待核验,官网自动采集；关键字段待人工核验,2026-09-17 13:01,2026-10-10 14:16,自动识别；申请前必须打开官网逐项复核,2b909a2c845fea962304dac7cb2d07371198b0eae2e89d51fd40b839eb33f3d3,True,11
985,湖南大学,设计艺术学院,建筑与规划学院2027年接收推荐免试攻读研究生 （含直博生）综合考核工作实施细则-湖南大学建筑与规划学院,"1. 建筑学
2. 设计
3. 建筑",2026-09-11,,,截止时间待核验,1. 考核方式以学院后续通知为准,https://arch.hnu.edu.cn/info/1118/5876.htm,https://arch.hnu.edu.cn/index/zsjy/yjszs.htm,1. 申请材料清单待官网正文进一步核验,待核验,官网自动采集；关键字段待人工核验,2026-09-17 13:01,2026-10-10 14:16,自动识别；申请前必须打开官网逐项复核,d25d988cb6d5e6533ca522f039d671b59df90eade59addfe0861b039bd57b87b,True,20
985,西北农林科技大学,风景园林艺术学院,关于西北农林科技大学2027年招收推荐免试研究生预报名工作的通知,"1. 硕士生：我校202
2. 年全日制硕士生招生专业目录中公布的专业均可
3. 招收
4. 推免生
5. 的硕士推免生包括：学术学位硕士研究生及全日制专业学位硕士研究生
6. 直博生：我校202
7. 年博士研究生招生专业目录中公布的农学、理学、工学学术学位学科专业，工程硕博士专项所涉及的学科专业均可招收直博生
8. 报名系统
9. 请登录我校招收推免生预报名系统进行报名，网址：https://yjsks.nwafu.edu.cn/ks/",2026-09-10,2026-09-10 00:00,2026-09-10 00:00,已截止,1. 考核方式以学院后续通知为准,https://yz.nwafu.edu.cn/tzgg/efc5ad22976f45b595487499b6c39d8e.htm,https://yz.nwafu.edu.cn/zsxx/bsszs/index.htm,1. 申请材料清单待官网正文进一步核验,欢迎访问西北农林科技大学研究生招生信息网；推免生预报名系统，欢迎有志于报考我校的推免生及时提出申请，以便我校顺利开展推免生的,官网自动采集；关键字段待人工核验,2026-09-10 21:09,2026-10-10 14:16,自动识别；申请前必须打开官网逐项复核,fcbfe47dc00f794fa45d387eb5d555c36ffbc80af54243503475791d4c03d9a3,True,13
985,西北农林科技大学,风景园林艺术学院,西北农林科技大学（10712）2027年全国硕士研究生招生考试网上报名须知,"1. 风景园林
2. 设计学
3. 设计
4. 建筑",2026-10-08,2026-10-08 00:00,2026-10-15 00:00,报名中,1. 考核方式以学院后续通知为准,https://yz.nwafu.edu.cn/tzgg/6bc820a8419c4ecb82e828071a2b8693.htm,https://yz.nwafu.edu.cn/zsxx/bsszs/index.htm,1. 考生须仔细核对本人报名信息（姓名、身份证号、学历、报考专业以及考试科目等）。报名期间，考生可自行修改网上报名信息或重新填报报名信息，对于招生单位、考试方式、报考点等重要信息要慎重选择，一旦生成报名号后则不可以修改。如确实需要修改，须取消已有的报名信息，并在网上报名截止日期前重新报名、缴费。每一位考生只能保留一条有效报名信息。逾期不再补报，也不得修改报名信息,欢迎访问西北农林科技大学研究生招生信息网,官网自动采集,2026-10-08 23:51,2026-10-10 14:16,自动识别；申请前必须打开官网逐项复核,1d18c0d72ea9922073e211a033f6520b44071bd0415b490d9ad033c42181b545,False,7
985,西北农林科技大学,风景园林艺术学院,2027年全国硕士研究生招生考试西北农林科技大学考点（6115）公告,"1. 风景园林
2. 设计学
3. 设计
4. 建筑",2026-10-08,2026-10-09 00:00,2026-10-31 17:00,报名中,1. 考核方式以学院后续通知为准,https://yz.nwafu.edu.cn/tzgg/1fd8c6cba411485f9fadeeabdc6570c0.htm,https://yz.nwafu.edu.cn/zsxx/bsszs/index.htm,"1. 考生网上报名时须签署《考生诚信考试承诺书》。对在往年研究生招生考试中因作弊给予暂停参加考试处理、并在规定的暂停参加考试年限内的考生，2027年度不允许报考
2. 缴费
3. 报名时间内以网上支付的方式缴纳报考费，否则报名信息无效
4. 考生上传核验材料清单
5. 应届生
6. 报考普通计划、学历（学籍）校验通过、毕业单位与报考点在同一省份、预计毕业年份为招生年度的统考普通全日制应届本科毕业生仅需提交报名照片，无需提交其他材料。学历（学籍）校验未通过的应届考生须上传《教育部学籍在线验证报告》
7. 户口在杨陵区，报考省内非报考点招生单位的社会考生和报考省外招生单位的社会考生；户口在陕西，报考西北农林科技大学的社会考生（援藏计划除外）
8. 须上传：1.户口本的户主页（有陕西省公安厅公章）、本人页（集体户口提供个人户籍卡）；2.毕业证书照片（毕业证书丢失或学历校验不通过的考试提供“中国高等教育学生信息网”的《教育部学历证书电子注册备案表》或《中国高等教育学历认证报告》）
9. ）工作地在杨陵区，报考省内非报考点招生单位的社会考生和报考省外招生单位的社会考生；工作地在陕西，报考西北农林科技大学的社会考生（援藏计划除外）
10. 须上传：1.毕业证书照片（毕业证书丢失或学历校验不通过的考生提供“中国高等教育学生信息网”的《教育部学历证书电子注册备案表》或《中国高等教育学历认证报告》）；2.工作单位开具的工作证明、工资条（加盖工作单位财务专用章）、劳动合同等证明材料（缺一不可）或近三个月在社保部门参保的社会保险凭证（社保机构盖章）
11. ）在境外获得学历证书的考生
12. 除上述（一）至（三）对应类别应该提交的材料外还须上传教育部留学服务中心出具的《国外学历学位认证书》原件
13. ）现役军人
14. 考生
15. 报考研究生招生考试除上述（一）至（三）对应类别应该提交的材料外还须上传：1.军人身份证件；2.师级以上政治部门介绍信
16. 未取得本科毕业证书的自学考试和网络教育本科生
17. 除上述（一）至（三）对应类别应该提交的材料外还须上传证明自考生身份的材料：包括自学考试成绩单、录取当年入学报到前可取得本科毕业证书的“届时毕业证明”
18. 报考我校单独考试的考生
19. 须选择西北农林科技大学6115报考点，除上述（一）至（三）对应类别应该提交的材料外还须上传：1.学位证书照片；2.所在单位推荐信（业务骨干证明以及是否同意报考）或个人公开发表的研究论文（技术报告）；3.两名具有相关领域高级专业技术职称的专家推荐信（对考生的专业技能及研究潜力的评价），需附专家高级职称证明材料
20. ）在陕高校本科第二学士学位考生
21. 还须上传所就读第二学士学位学校的学生证或者学校出具的在校就读证明",欢迎访问西北农林科技大学研究生招生信息网,官网自动采集,2026-10-08 23:51,2026-10-10 14:16,自动识别；申请前必须打开官网逐项复核,3d9ce36554f6ad38f815ec9e6371f80cd5473d32f3f498c250dcbb339f987a76,False,7
985,西北农林科技大学,风景园林艺术学院,西北农林科技大学研究生招生信息网,"1. 风景园林
2. 建筑",,,,截止时间待核验,1. 考核方式以学院后续通知为准,https://yz.nwafu.edu.cn/,https://yz.nwafu.edu.cn/zsxx/bsszs/index.htm,1. 申请材料清单待官网正文进一步核验,欢迎访问西北农林科技大学研究生招生信息网,官网自动采集；关键字段待人工核验,2026-09-10 21:09,2026-10-10 14:16,自动识别；申请前必须打开官网逐项复核,123fe1df08ca6c1bb627bd04478495736cf625ae86c1f434d48c3cd0b823d724,True,9
985,西北农林科技大学,风景园林艺术学院,2027年优秀应届本科毕业生免试攻读研究生拟推荐学生名单公示,"1. 风景园林
2. 建筑",2026-09-16,,,截止时间待核验,1. 考核方式以学院后续通知为准,https://yz.nwafu.edu.cn/xxgk/7712cef1d4fa4b0aabeb64b428400331.htm,https://yz.nwafu.edu.cn/zsxx/bsszs/index.htm,1. 申请材料清单待官网正文进一步核验,欢迎访问西北农林科技大学研究生招生信息网,官网自动采集；关键字段待人工核验,2026-09-17 13:05,2026-10-10 14:16,自动识别；申请前必须打开官网逐项复核,68dc9aca923e69f1f97cbc8925ad170369284d7ad7b3cc836a9c532146ff53ad,True,9
985,西北工业大学,机电学院工业设计,西北工业大学2027年硕士研究生招生简章-研究生招生信息网,"1. 招生目录
2. 招生政策",,2026-10-09 09:00,2026-10-15 09:00,报名中,1. 考核方式以学院后续通知为准,https://yzb.nwpu.edu.cn/info/1174/10498.htm,https://yzb.nwpu.edu.cn/new/sszs/zsgg.htm,"1. （3）获得国家承认的高职（专科）毕业学历后满2年（毕业后到录取当年入学前，下同）或2年以上的人员，达到与本科毕业生同等学力，应提供由培养单位出具的与报考学科、专业相关的高职（专科）与本科之间相差课程进修的成绩证明，以及公开发表过的相当于报考学科、专业学士毕业论文水平的文章，报名时必须选择我校为报名点，经我校研究生招生办公室审核后方可参加考试，初试合格后，复试时需加试两门大学本科主干课程
2. 报名期间将对考生学历（学籍）信息进行网上校验，考生可上网查看学历（学籍）校验结果。考生可在报名前或报名期间自行登录“中国高等教育学生信息网”（网址：https://www.chsi.com.cn）查询本人学历（学籍）信息
3. 未能通过学历（学籍）网上校验的考生应按照招生单位和报考点要求提交补充材料，逾期不得补办
4. 同等学力人员（不含本科结业生）还须提供相关材料（成绩单、论文等），待我校研究生招生办公室审查后确定考试资格，
5. 考生应当在考前十天左右，凭网报用户名和密码登录“研招网”自行下载打印《准考证》。《准考证》使用A4幅面白纸打印，正、反两面在使用期间不得涂改或书写。考生凭下载打印的《准考证》及有效居民身份证参加初试和复试
6. 网上报名结束后，我校将对考生网上填报的报名信息进行核查，重点核查考生填报的学历（学籍）信息，
7. 对未完成学历（学籍）核验的考生，将不准予考试",考生录取当年入学前必须取得国家承认的本科毕业证书或经相关专业机构认证的国（境）外教育机构合法学历学位认证书，否则录取资格无效,官网自动采集,2026-10-08 14:17,2026-10-10 14:16,自动识别；申请前必须打开官网逐项复核,324296cbf98b7fcb77bb021e123e76a4be3c1d2a57a938818dafe4c0da2ae70b,False,7
985,西北工业大学,机电学院工业设计,西北工业大学2027年接收推荐免试研究生预报名的通知-研究生招生信息网,"1. 招生目录
2. 招生政策",,,,截止时间待核验,1. 考核方式以学院后续通知为准,https://yzb.nwpu.edu.cn/info/1174/10478.htm,https://yzb.nwpu.edu.cn/new/sszs/zsgg.htm,"1. 本科成绩单、综合测评成绩单（加盖学校或院系教务部门公章）
2. 学术科研成果（公开发表的论文、出版的专著等）和
3. 获奖证书
4. 外语水平证明（大学英语四级、大学英语六级、托福、雅思、
5. 等成绩单）",待核验,官网自动采集；关键字段待人工核验,2026-09-04 12:43,2026-10-10 14:16,自动识别；申请前必须打开官网逐项复核,f11aef88e434a4f149c388df707f1540ffb92d5e7f3b658efb487f808aa50c9f,True,16
985,西安交通大学,人居环境与建筑工程学院,人居环境与建筑工程学院,"1. 建筑学
2. 设计
3. 建筑",,,,截止时间待核验,1. 考核方式以学院后续通知为准,https://hsce.xjtu.edu.cn/,,1. 竞赛获奖,待核验,官网自动采集；关键字段待人工核验,2026-09-17 21:41,2026-10-10 14:16,自动识别；申请前必须打开官网逐项复核,699eccb0569c5cab3a77bec83c0e54013159a050ec122e5128516f9e8bfc74b6,True,9
985,西安交通大学,人居环境与建筑工程学院,人居环境与建筑工程学院2027年招收推荐免试研究生工作实施细则-人居环境与建筑工程学院,1. 上述材料请按以上顺序扫描整理成一个PDF文档，压缩后上传（文件命名方式均为：报考专业方向-姓名-本科学校，例如“建筑学-张三-西安交通大学”），材料力求精简，突出重点，总页数最多不超过20页，外语水平证明和其他证明材料建议采用缩印的形式，图文清晰即可,2026-09-04,,,截止时间待核验,"1. 申请人按照复试通知要求参加复试，未按时参加者，视为放弃
2. （6）复试形式及内容
3. 我院组织专家按照学校有关规定进行复试，考核形式为线下综合面试，具体时间安排另行通知。复试内容重点考查申请者专业知识、科研能力、综合素质与外语表达能力等。面试时间每人20分钟左右
4. （7）对复试考核通过者，发送接收（拟录取/预录取）通知，推免生须在规定时间内确认接受与否。接收通知自发送后规定时间内有效，逾期未确认者视为放弃接收
5. 全国推免管理服务系统接收阶段（9月15日-10月19日）
6. （1）正式接收工作将通过教育部推免服务系统完成，网址：https://yz.chsi.com.cn/tm/
7. （2）推免生须按教育部推免服务系统报名时间要求，登录系统进行注册，上传本人照片，填写基本信息及交纳报名费，基本信息提交成功后，方可进入报名界面，并按以下时间节点完成报名录取流程：
8. 9月21日9:00通过“全国推免服务系统”进行申请、填写志愿信息、上传相关材料（上传成绩单、英语四/六级证书等材料，并填写荣誉奖励、发表学术论文、出版物或其他学术工作成果、社会实践鉴定等证明个人能力和综合素质的相关信息）
9. 9月22日上午8:00开始发送复试通知，于规定时间内完成复试确认流程
10. 9月24日上午8:00开始发送拟录取通知，9月24日下午14:00开始确认拟录取通知，于规定时间内完成拟录取确认，否则将被取消优先录取资格，与未获得预接收资格推免生同等对待。请及时关注发送的复试、拟录取通知并进行确认。申请者应对上述报考信息仔细核对，一经提交，将无法更改
11. （3）我院在学校下达的推免招生计划范围内，对所有申报我院的推免生，按预接收（拟录取/预录取）、其他推免生的顺序，分批次录取，额满为止
12. 注：被我院拟录取/预录取的推免生，待“全国推免服务系统”开通后，仍须登录该系统完成报名录取流程。我院将在下达的推免招生计划范围内，对拟录取、预录取的推免生优先分批次录取，额满为止。未按规定时间完成报名录取流程者，将被视为自动放弃录取。前期未参加学校推免服务系统报名的学生，正式接收期间，亦可申报我院，审核通过后，参加面试，面试安排另行通知
13. 拟录取
14. 根据综合考核成绩，学院择优确定拟录取名单。拟录取名单经学院招生领导小组审议后，在学院网站上统一公示
15. 奖助政策
16. 我校硕士研究生奖助金体系包括国家奖学金、国家助学金、学业奖学金、社会奖助金和“三助一辅”岗位津贴等",https://hsce.xjtu.edu.cn/info/1014/14465.htm,,"1. 《西安交通大学2027年接收推荐免试攻读硕士学位申请表》（在“上传材料”步骤下载后，由本人及所在院系负责人签字盖章）
2. 所在单位出具的获得推免资格的证明（加盖公章）
3. 注意：如推免资格尚在公示期也可提供公示网页截图或照片，如所在学校推免工作尚未开展可随后补交
4. 个人简历（按A4排版不超过一页,）
5. 本科成绩单1份（加盖学校或学院教务部门公章,含专业排名信息,排名方式以所在院校推免生成绩计算办法为准）
6. 外语水平证明（如大学英语四六级、雅思、托福等成绩证明）
7. 其他证明材料（如已发表的学术论文、获奖证书、资格证书、专业相关活动证书和证明等）
8. 注意事项：上述材料请按以上顺序扫描整理成一个PDF文档，压缩后上传（文件命名方式均为：报考专业方向-姓名-本科学校，例如“建筑学-张三-西安交通大学”），材料力求精简，突出重点，总页数最多不超过20页，外语水平证明和其他证明材料建议采用缩印的形式，图文清晰即可
9. （4）发送复试通知及有效时间
10. 学科组织专家对申请者进行申请资格审核和材料评议，将在9月15日前向审核通过者发送复试通知，学生须及时查看系统审核结果，确认接收与否
11. 复试通知自发送后在规定时间内有效，逾期未确认者视为放弃",待核验,官网自动采集；关键字段待人工核验,2026-09-17 21:41,2026-10-10 14:16,自动识别；申请前必须打开官网逐项复核,296486ae9bc781b4dc432cd9dd8536b686c4b8e83a9d5a6fbd5ac917ab376016,True,9
985,西安交通大学,人居环境与建筑工程学院,人文学院2027年招收推荐免试研究生工作实施细则-西安交通大学人文社会科学学院,"1. .未尽事宜由学院招收推免生工作小组负责解释
2. 联系方式
3. 联系人：吴老师
4. 电子邮箱：
5. wuqiong7@xjtu.edu.cn（推荐方式）
6. 联系电话：029-82663705
7. 监督电话：029-82664879
8. 监督邮箱：rwwj@qq.com
9. 附件：西安交通大学学生综合素质测评说明
10. 人文社会科学学院
11. 202
12. 年9月
13. 附件【
14. 2027年推免免试生综合素质测评说明.docx
15. 】已下载",,,,截止时间待核验,1. 考核方式以学院后续通知为准,https://rwxy.xjtu.edu.cn/info/1065/10528.htm,,"1. 个人简历；本科阶段成绩单（加盖学校或者院系教务部门公章）；英语水平证明；其他需补充的材料（科研成果）；身份证和学生证扫描件
2. 复试
3. 复试形式
4. 采用线上面试方式，面试平台为“腾讯会议”，具体会议号、面试顺序及设备调试要求将随复试通知一并告知
5. 复试时间
6. 预计为202
7. 年9月1
8. 日-9月1
9. 日，具体时间以复试通知为准
10. 复试内容
11. 考核内容包括材料审核、专业知识考核、英语听力和口语测试、思想政治素质和品德考核
12. 拟录取
13. 我院将在学校下达的推免招生计划范围内，对所有申报我院的推免生分批次录取，额满为止。所有报名我院相关专业的推免生需及时关注相关通知，保持电话畅通，在规定时间内完成接收程序，否则名额将顺延
14. 拟录取名单经学院招生领导小组审议后，在学院网站上统一公示
15. 申诉与回避
16. 申请人
17. 在招生过程中有异议的，可向学院提起申诉，学院将及时受理并予以答复。申诉人对答复有异议的，可向研究生招生办公室提起申诉。考生如在报考学校存在直系亲属或其他利益相关者，应在申请时主动向学院报备。学院监督邮箱见联系方式
18. 奖助政策
19. 我校硕士研究生奖助金体系包括国家奖学金、国家助学金、学业奖学金、社会奖助金和“三助一辅”岗位津贴以及临时困难补助和绿色通道等。推免的硕士研究生享受硕士奖助金，推免的直博生享受博士奖助金
20. 学校统筹评定国家奖学金、学业奖学金、社会奖助金。获得国家奖学金的研究生当年不得享受学业奖学金。社会奖助金依据设奖人的意愿进行奖励，可以与国家奖学金或者学业奖学金兼得
21. 详情请查阅我校研究生院主页（http://gs.xjtu.edu.cn）相关文件",我院将在学校下达的推免招生计划范围内，对所有申报我院的推免生分批次录取，额满为止。所有报名我院相关专业的推免生需及时关注相关通知，保持电话畅通，在规定时间内完成接收程序，否则名额将顺延,官网自动采集；关键字段待人工核验,2026-09-05 12:39,2026-10-10 14:16,自动识别；申请前必须打开官网逐项复核,d7aaeaffd59988487bf03507fcf19f97057d2e71eebb8489c1ec40042f1c1777,True,9
211,中国传媒大学,动画与数字艺术学院,中国传媒大学2027年接收推免研究生实际录取情况,"1. 艺术设计
2. 设计学
3. 设计",2026-10-09,,,截止时间待核验,1. 考核方式以学院后续通知为准,https://yz.cuc.edu.cn/2026/1009/c8549a274597/page.htm,https://yzbm.cuc.edu.cn/10033/user/login/login,1. 申请材料清单待官网正文进一步核验,待核验,官网自动采集；关键字段待人工核验,2026-10-09 23:38,2026-10-10 14:16,自动识别；申请前必须打开官网逐项复核,453c4239fe3c78f31d969057eba33d275449a3ea10e2245a1820ec8a66940aaa,True,11
211,中国传媒大学,动画与数字艺术学院,中国传媒大学2027年攻读硕士学位研究生招生专业目录,"1. 研究生招生网
2. 导航
3. 首页
4. 招生信息
5. 博士
6. 硕士
7. 港澳台
8. 夏令营
9. 推免
10. 中外合作办学
11. 信息公开
12. 温馨提示
13. 报考资料
14. 考试大纲
15. 专业介绍
16. 招生简章
17. 招生目录
18. 网上报名
19. 博士报名
20. 推免预报名",2026-10-03,,,截止时间待核验,1. 考核方式以学院后续通知为准,https://yz.cuc.edu.cn/2026/0930/c8549a274497/page.htm,https://yzbm.cuc.edu.cn/10033/user/login/login,1. 申请材料清单待官网正文进一步核验,待核验,官网自动采集；关键字段待人工核验,2026-10-03 21:42,2026-10-10 14:16,自动识别；申请前必须打开官网逐项复核,542e4970840fe5a67dd0ad572d9d05700cdcd485a058caf12f140ab0e20c988c,True,7
211,中国传媒大学,动画与数字艺术学院,中国传媒大学2027年推免预报名复试合格和备选合格人员名单公示,"1. 设计学
2. 设计",2026-09-20,,,截止时间待核验,1. 考核方式以学院后续通知为准,https://yz.cuc.edu.cn/2026/0920/c8549a274044/page.htm,https://yzbm.cuc.edu.cn/10033/user/login/login,1. 外语听说能力成绩,待核验,官网自动采集；关键字段待人工核验,2026-10-02 05:22,2026-10-10 14:16,自动识别；申请前必须打开官网逐项复核,d57768a105b2bc08381ad8027c0112e1ae0b03b9487bdec56394c44e7ddedf9f,True,8
211,中国传媒大学,动画与数字艺术学院,中国传媒大学2027年攻读硕士学位研究生招生专业目录,"1. 研究生招生网
2. 导航
3. 首页
4. 招生信息
5. 博士
6. 硕士
7. 港澳台
8. 夏令营
9. 推免
10. 中外合作办学
11. 信息公开
12. 温馨提示
13. 报考资料
14. 考试大纲
15. 专业介绍
16. 招生简章
17. 招生目录
18. 网上报名
19. 博士报名
20. 推免预报名",2026-10-03,,,截止时间待核验,1. 考核方式以学院后续通知为准,https://yz.cuc.edu.cn/2026/0930/c8550a274510/page.htm,https://yzbm.cuc.edu.cn/10033/user/login/login,1. 申请材料清单待官网正文进一步核验,待核验,官网自动采集；关键字段待人工核验,2026-10-03 21:42,2026-10-10 14:16,自动识别；申请前必须打开官网逐项复核,542e4970840fe5a67dd0ad572d9d05700cdcd485a058caf12f140ab0e20c988c,True,7
211,中国传媒大学,动画与数字艺术学院,中国传媒大学2027年攻读硕士学位研究生招生专业目录,"1. 研究生招生网
2. 导航
3. 首页
4. 招生信息
5. 博士
6. 硕士
7. 港澳台
8. 夏令营
9. 推免
10. 中外合作办学
11. 信息公开
12. 温馨提示
13. 报考资料
14. 考试大纲
15. 专业介绍
16. 招生简章
17. 招生目录
18. 网上报名
19. 博士报名
20. 推免预报名",2026-10-03,,,截止时间待核验,1. 考核方式以学院后续通知为准,https://yz.cuc.edu.cn/2026/0930/c8543a274497/page.htm,https://yzbm.cuc.edu.cn/10033/user/login/login,1. 申请材料清单待官网正文进一步核验,待核验,官网自动采集；关键字段待人工核验,2026-10-03 21:43,2026-10-10 14:16,自动识别；申请前必须打开官网逐项复核,542e4970840fe5a67dd0ad572d9d05700cdcd485a058caf12f140ab0e20c988c,True,7
211,北京工业大学,艺术设计学院,北京工业大学2027年硕士研究生招生章程-北京工业大学研究生招生网,"1. 2027
2. 年我校非全日制学习方式只接受在职定向就业人员报考
3. 硕士研究生按其就业方式分为定向就业和非定向就业两种类型。定向就业的硕士研究生按定向合同就业；非定向就业的硕士研究生按本人与用人单位双向选择的办法就业
4. 招生专业及计划
5. “中国研究生招生信息网”推免服务系统确认及公布的录取人数为准
6. 报考条件
7. 报名参加全国硕士研究生招生考试的人员，须符合下列条件：
8. . 拥护中国共产党的领导，遵守
9. 中华人民共和国宪法和
10. 诚实守信
11. . 身体健康状况符合国家和学校规定的体检要求
12. . 考生学业水平须符合下列条件之一，本章另有规定的除外：",2026-10-08,2026-10-01 09:00,2026-10-09 09:00,已截止,1. 考核方式以学院后续通知为准,https://yanzhao.bjut.edu.cn/info/1019/18192.htm,,"1. 考生填报的报名信息与报考条件不符的，
2. 不准予考试、录取，随时发现、随时处理
3. 发现有考生伪造、变造证件时，
4. 立即向公安机关报案
5. 考生应当认真了解并严格按照报考条件及相关政策要求填报志愿并选择报考点。因不符合报考条件或者相关政策要求、网报信息填写错误、提交虚假材料及未按要求提交所需材料造成后续不能考试（含初试、复试）或录取的，后果由考生本人承担",待核验,官网自动采集,2026-10-08 14:19,2026-10-10 14:16,自动识别；申请前必须打开官网逐项复核,c65d16414527e699a20c828983666847451f8c997175a5f25af9c88ea3c72d32,False,8
211,北京工业大学,艺术设计学院,北京工业大学2027年硕士研究生招生章程-北京工业大学研究生招生网,"1. 2027
2. 年我校非全日制学习方式只接受在职定向就业人员报考
3. 硕士研究生按其就业方式分为定向就业和非定向就业两种类型。定向就业的硕士研究生按定向合同就业；非定向就业的硕士研究生按本人与用人单位双向选择的办法就业
4. 招生专业及计划
5. “中国研究生招生信息网”推免服务系统确认及公布的录取人数为准
6. 报考条件
7. 报名参加全国硕士研究生招生考试的人员，须符合下列条件：
8. . 拥护中国共产党的领导，遵守
9. 中华人民共和国宪法和
10. 诚实守信
11. . 身体健康状况符合国家和学校规定的体检要求
12. . 考生学业水平须符合下列条件之一，本章另有规定的除外：",2026-10-08,2026-10-01 09:00,2026-10-09 09:00,已截止,1. 考核方式以学院后续通知为准,https://yanzhao.bjut.edu.cn/info/1707/18191.htm,https://yanzhao.bjut.edu.cn/sszs.htm,"1. 考生填报的报名信息与报考条件不符的，
2. 不准予考试、录取，随时发现、随时处理
3. 发现有考生伪造、变造证件时，
4. 立即向公安机关报案
5. 考生应当认真了解并严格按照报考条件及相关政策要求填报志愿并选择报考点。因不符合报考条件或者相关政策要求、网报信息填写错误、提交虚假材料及未按要求提交所需材料造成后续不能考试（含初试、复试）或录取的，后果由考生本人承担",待核验,官网自动采集,2026-10-08 14:19,2026-10-10 14:16,自动识别；申请前必须打开官网逐项复核,f355e69b9a4863967325719f3c740be1e4202332ee9f1308f426af5ecbea22fc,False,8
211,北京工业大学,艺术设计学院,2027全国硕士研究生招生考试（初试）北京工业大学（1105）报考点公告-北京工业大学研究生招生网,1. 下一篇：,2026-10-08,2026-10-09 09:00,2026-10-15 00:00,报名中,1. 考核方式以学院后续通知为准,https://yanzhao.bjut.edu.cn/info/1019/18199.htm,,"1. 考生提交补充材料截止时间为
2. 10月31日12:00。逾期未按要求提交的，后续将予以审核不通过
3. 报考点选择要求
4. 以下考生可选择
5. 1105报考点：
6. 报考北京工业大学（招生单位代码：
7. 10005）、中国建筑科学研究院（招生单位代码：82401）
8. 、中国航空工业规划设计研究院（
9. 82920）
10. ，且符合下列条件之一的考生
11. 应届考生（指应届本科毕业生，下同）：就读学校在北京的应届本科毕业生（含普通高校、成人高校、普通高校举办的成人高等学历教育等应届本科毕业生）
12. 往届考生（指非应届本科毕业生，下同）须满足下列条件之一：
13. 户口所在地为北京
14. 工作所在地在京，且具有202
15. 年（
16. 1月至9月）在京连续缴纳6个月（含）以上社会保险中的基本养老保险或基本医疗保险
17. 报考北京工业大学
18. 0813
19. 00
20. 建筑学、
21. 0833
22. 城乡规划学、
23. 0851
24. 建筑、
25. 0853
26. 城乡规划、",待核验,官网自动采集,2026-10-08 23:53,2026-10-10 14:16,自动识别；申请前必须打开官网逐项复核,320d874ac2ead63711a9ce0468e7709e1ed26eadfd7aa31ef996f6e54c31ba66,False,9
211,北京工业大学,艺术设计学院,2027全国硕士研究生招生考试（初试）北京工业大学（1105）报考点公告-北京工业大学研究生招生网,"1. 工业设计
2. 城乡规划
3. 设计学
4. 建筑学
5. 设计
6. 建筑",2026-10-08,2026-10-09 09:00,2026-10-15 00:00,报名中,1. 考核方式以学院后续通知为准,https://yanzhao.bjut.edu.cn/info/1025/18197.htm,https://yanzhao.bjut.edu.cn/sszs.htm,"1. 考生提交补充材料截止时间为
2. 10月31日12:00。逾期未按要求提交的，后续将予以审核不通过
3. 报考点选择要求
4. 以下考生可选择
5. 1105报考点：
6. 报考北京工业大学（招生单位代码：
7. 10005）、中国建筑科学研究院（招生单位代码：82401）
8. 、中国航空工业规划设计研究院（
9. 82920）
10. ，且符合下列条件之一的考生
11. 应届考生（指应届本科毕业生，下同）：就读学校在北京的应届本科毕业生（含普通高校、成人高校、普通高校举办的成人高等学历教育等应届本科毕业生）
12. 往届考生（指非应届本科毕业生，下同）须满足下列条件之一：
13. 户口所在地为北京
14. 工作所在地在京，且具有202
15. 年（
16. 1月至9月）在京连续缴纳6个月（含）以上社会保险中的基本养老保险或基本医疗保险
17. 报考北京工业大学
18. 0813
19. 00
20. 建筑学、
21. 0833
22. 城乡规划学、
23. 0851
24. 建筑、
25. 0853
26. 城乡规划、",待核验,官网自动采集,2026-10-08 23:53,2026-10-10 14:16,自动识别；申请前必须打开官网逐项复核,f192d816f3563c2ac5ba093eedd0ffc80f710fb09ed8b9dc2465b5fa9b1a1e02,False,9
211,北京工业大学,建筑与城市规划学院,北京工业大学2027年非全日制硕士研究生招生专业目录-北京工业大学研究生招生网,"1. 网站首页
2. 学科专业
3. 国家重点学科
4. 国家一流学科与北京市高精尖学科
5. 博士学位授予点
6. 硕士学位授予点
7. 导师队伍
8. 师资概况
9. 博硕导师
10. 报名入口
11. 研学活动报名
12. 推免生报名
13. 博士生报名
14. 硕士生报名
15. 资料下载
16. 硕士
17. 博士
18. 联系我们
19. 招生学院",2026-10-08,,,截止时间待核验,1. 考核方式以学院后续通知为准,https://yanzhao.bjut.edu.cn/info/1019/18196.htm,,1. 申请材料清单待官网正文进一步核验,待核验,官网自动采集；关键字段待人工核验,2026-10-08 14:19,2026-10-10 14:16,自动识别；申请前必须打开官网逐项复核,0ff1ad70aa4012a35d232dffba8db48f551113e751c0bba16396cc74918b5d95,True,9
211,北京工业大学,建筑与城市规划学院,北京工业大学2027年非全日制硕士研究生招生专业目录-北京工业大学研究生招生网,"1. 网站首页
2. 学科专业
3. 国家重点学科
4. 国家一流学科与北京市高精尖学科
5. 博士学位授予点
6. 硕士学位授予点
7. 导师队伍
8. 师资概况
9. 博硕导师
10. 报名入口
11. 研学活动报名
12. 推免生报名
13. 博士生报名
14. 硕士生报名
15. 资料下载
16. 硕士
17. 博士
18. 联系我们
19. 招生学院",2026-10-08,,,截止时间待核验,1. 考核方式以学院后续通知为准,https://yanzhao.bjut.edu.cn/info/1708/18195.htm,https://yanzhao.bjut.edu.cn/sszs.htm,1. 申请材料清单待官网正文进一步核验,待核验,官网自动采集；关键字段待人工核验,2026-10-08 14:19,2026-10-10 14:16,自动识别；申请前必须打开官网逐项复核,a4c5ba028e1f5d6c9bcdb06aee6dbc4c2bf558ddce6a0b4467899b7b38a6d7eb,True,9
211,北京工业大学,艺术设计学院,北京工业大学2027年推荐免试攻读研究生拟录取名单公示-北京工业大学研究生招生网,"1. 艺术设计
2. 工业设计
3. 城乡规划
4. 设计学
5. 建筑学
6. 设计
7. 建筑",2026-10-10,,,截止时间待核验,1. 考核方式以学院后续通知为准,https://yanzhao.bjut.edu.cn/info/1019/18201.htm,,1. 申请材料清单待官网正文进一步核验,待核验,官网自动采集；关键字段待人工核验,2026-10-10 14:11,2026-10-10 14:16,自动识别；申请前必须打开官网逐项复核,32efd831c3e43800b1b18c78e67df99589c8f166d334c283d9d98c83fe289f39,True,15
211,北京工业大学,艺术设计学院,北京工业大学2027年全日制硕士研究生招生学科专业目录-北京工业大学研究生招生网,"1. 网站首页
2. 学科专业
3. 国家重点学科
4. 国家一流学科与北京市高精尖学科
5. 博士学位授予点
6. 硕士学位授予点
7. 导师队伍
8. 师资概况
9. 博硕导师
10. 报名入口
11. 研学活动报名
12. 推免生报名
13. 博士生报名
14. 硕士生报名
15. 资料下载
16. 硕士
17. 博士
18. 联系我们
19. 招生学院",2026-10-08,,,截止时间待核验,1. 考核方式以学院后续通知为准,https://yanzhao.bjut.edu.cn/info/1019/18194.htm,,"1. 262第二外语
2. 610外语语言基础
3. 816外语综合",待核验,官网自动采集；关键字段待人工核验,2026-10-08 14:19,2026-10-10 14:16,自动识别；申请前必须打开官网逐项复核,5e2201679d4819176c8a8a7ff18a5bf2cd1cd5e41737e19c91988b0187bec04f,True,17
211,北京工业大学,艺术设计学院,北京工业大学2027年全日制硕士研究生招生学科专业目录-北京工业大学研究生招生网,"1. 网站首页
2. 学科专业
3. 国家重点学科
4. 国家一流学科与北京市高精尖学科
5. 博士学位授予点
6. 硕士学位授予点
7. 导师队伍
8. 师资概况
9. 博硕导师
10. 报名入口
11. 研学活动报名
12. 推免生报名
13. 博士生报名
14. 硕士生报名
15. 资料下载
16. 硕士
17. 博士
18. 联系我们
19. 招生学院",2026-10-08,,,截止时间待核验,1. 考核方式以学院后续通知为准,https://yanzhao.bjut.edu.cn/info/1708/18193.htm,https://yanzhao.bjut.edu.cn/sszs.htm,"1. 262第二外语
2. 610外语语言基础
3. 816外语综合",待核验,官网自动采集；关键字段待人工核验,2026-10-08 14:19,2026-10-10 14:16,自动识别；申请前必须打开官网逐项复核,d95efa4817c9cd84d44be7112fb7e28438c22e9d132a4b1bd3551496bc454baa,True,17
211,北京林业大学,园林学院,,"1. 城乡规划
2. 风景园林
3. 建筑学
4. 设计
5. 建筑
6. 景观",,,,截止时间待核验,1. 考核方式以学院后续通知为准,https://sola.bjfu.edu.cn/,,1. 第四轮学科评估排名,@2026级园林新绿，北京林业大学园林学院欢迎你！,官网自动采集；关键字段待人工核验,2026-09-22 21:39,2026-10-10 14:16,自动识别；申请前必须打开官网逐项复核,9d0cbaa3486e2c83b091ad9ed4e56fb82de68459588d12290a969b836040a208,True,10
211,北京林业大学,园林学院,,"1. 城乡规划
2. 建筑学
3. 建筑",2026-09-18,,,截止时间待核验,1. 考核方式以学院后续通知为准,https://sola.bjfu.edu.cn/cn/information/notice/fedc8e18a88548b1ae0621b11e102605.html,,1. 申请材料清单待官网正文进一步核验,待核验,官网自动采集；关键字段待人工核验,2026-09-22 21:39,2026-10-10 14:16,自动识别；申请前必须打开官网逐项复核,416696625ce1ff4b0f5955cb39f398a86bd480c1b3620084eb4dfbf54e8fd741,True,7
211,北京林业大学,艺术设计学院,艺术设计学院,"1. 艺术设计
2. 工业设计
3. 设计学
4. 设计",,,,截止时间待核验,1. 考核方式以学院后续通知为准,https://ad.bjfu.edu.cn/,https://ad.bjfu.edu.cn/zsgz/yjszs/index.htm,1. 艺术设计学院2026年“艺绘青山”暑期社会实践团队结项获奖结果公布,待核验,官网自动采集；关键字段待人工核验,2026-09-08 21:06,2026-10-10 14:16,自动识别；申请前必须打开官网逐项复核,69ab9e12a069f97937d7283375f47d6f30dcef881771c71ff00f5d1349d560c0,True,13
211,北京林业大学,艺术设计学院,艺术设计学院召开2027届毕业生就业动员会- 艺术设计学院,"1. 艺术设计
2. 工业设计
3. 设计学
4. 设计",2026-09-21,,,截止时间待核验,1. 考核方式以学院后续通知为准,https://ad.bjfu.edu.cn/xwdt/djxw/a5b71ab946e643b68166f41f595e3a7c.htm,https://ad.bjfu.edu.cn/zsgz/yjszs/index.htm,1. 特邀校外专业导师围绕作品集打磨、简历撰写优化等内容进行细致指导，建议同学们在求职中突出设计思维与跨界融合能力，提升综合竞争力。会后设置一对一指导环节，主讲老师就作品集制作、简历修改开展专项辅导，为毕业生提供个性化建议,待核验,官网自动采集；关键字段待人工核验,2026-09-22 21:39,2026-10-10 14:16,自动识别；申请前必须打开官网逐项复核,c5345026e280d6a4f9e96e1e462f4c667f7564ec0d838a8303fc286a22ac0f52,True,13
211,北京林业大学,艺术设计学院,艺术设计学院2026-2027学年部分学生助管招聘通知- 艺术设计学院,"1. 艺术设计
2. 工业设计
3. 设计学
4. 设计",2026-09-14,,,截止时间待核验,1. 考核方式以学院后续通知为准,https://ad.bjfu.edu.cn/tzgg/2c7766cf0b0341a68209eac89cbbf2f3.htm,https://ad.bjfu.edu.cn/zsgz/yjszs/index.htm,1. 申请材料清单待官网正文进一步核验,待核验,官网自动采集；关键字段待人工核验,2026-09-14 23:15,2026-10-10 14:16,自动识别；申请前必须打开官网逐项复核,c39cb11abf304aea42c8a78ce3e276c124c6ad1307742b89c529c0bc9393d4ea,True,13
211,北京邮电大学,数字媒体与设计艺术学院,北京邮电大学2027年接收优秀应届本科毕业生免试攻读研究生工作办法,"1. 140300 设计学—信息交互设计、智能产品设计、数字媒体内容设计
2. 135700 设计
3. 0810Z1 数字媒体技术
4. 新闻传播学、新闻与传播等相关方向以2027目录为准",2026-07-21,,,截止时间待核验,"1. 学院对报名材料进行综合评审，按材料审核成绩择优确定面试名单
2. 每名考生面试时间一般不少于20分钟，随机确定次序并随机抽题，全程录音录像
3. 思想政治素质和品德考核
4. 专业面试：考查外语听说、专业知识；学硕侧重学术素养和科研创新，专硕侧重专业基础、实践能力和职业素养
5. 网上心理测试；未参加者不予录取
6. 数字媒体与设计艺术学院2027实施细则及截止时间待发布",https://yzb.bupt.edu.cn/info/1011/1460.htm,https://yzfs.bupt.edu.cn/MasterTm/Signin.aspx,"1. 《北京邮电大学2027年接收推荐免试攻读硕士学位研究生申请表》或直博申请表
2. 大学英语四/六级考试成绩单扫描件
3. 大学期间成绩单扫描件，加盖本科学校教务部门公章
4. 有效居民身份证正反面扫描件
5. 各类获奖证书扫描件
6. 学院要求提交的其他材料；数字媒体与设计艺术学院实施细则发布后由爬虫补充
7. 直博拟录取者另须按规定提交博士登记表和两名副高职及以上专家推荐书",本科专业原则上与报考专业相同或相近；学院可规定附加条件,校级官网办法已核验；学院细则待发布,2026-08-02 03:16,2026-10-10 14:16,211非985；倒计时待学院公布截止时间,b3e717908d1a41aca9d915a08915a99f3c960ef5ad2ddc9e0f4017a9fad6e726,True,99
211,华东理工大学,艺术设计与传媒学院,华东理工大学2027年接收外校推荐免试研究生（含直博生）预报名通知,"1. 艺术设计与传媒学院可报专业以2027年推免生招生目录及学院后续要求为准
2. 学院联系人：彭老师；电话021-64253214；邮箱juehan@163.com",2026-07-20,2026-07-21 00:00,2026-09-13 23:59,已截止,"1. 预报名用于学院和导师提前了解考生的学科背景、学术水平及综合表现
2. 学校突出能力考查，注重一贯表现、科研创新潜质和专业能力倾向
3. 入围面试后按学院要求提供材料并参加考核
4. 具体面试办法由艺术设计与传媒学院另行发布",https://gschool.ecust.edu.cn/2026/0720/c12754a192317/page.htm,https://yz.ecust.edu.cn/,"1. 预报名阶段在线填写信息，学校不要求寄送纸质材料
2. 入围推免面试后，根据艺术设计与传媒学院具体要求提供相关材料
3. 学院细则发布后，爬虫将补充成绩单、外语、作品集、科研成果和其他材料的具体格式",以2027推免目录和学院要求为准,校级官网全文已核验；学院材料细则待发布,2026-08-02 03:16,2026-10-10 14:16,211非985；当前不能编造学院材料清单,de831a191fc5f3e8b4e404f2930939c6743ef487bbf3a8226c4c731839b05ec4,True,99
211,华东理工大学,艺术设计与传媒学院,华东理工大学2027年硕士研究生招生简章,"1. 其他
2. 按照国家政策，研究生实行收费制度，研究生收费标准在我校研究生院网站公布。为了激励研究生科研创新，支持研究生更好地完成学业，提高研究生待遇水平，我校设立了包括国家奖学金、国家助学金、学业奖学金、三助一辅岗位、助学贷款和其他多种计划外奖学金在内的研究生奖助体系。具体可咨询我校研工部（联系电话：021-64251021
3. 021-64253035
4. 少数民族高层次骨干
5. 人才
6. 计划
7. 退役大学生士兵
8. 等专项计划的招生办法按照教育部有关文件执行
9. 我校硕士研究生学制为2—3
10. 年，具体可咨询专业所在学院招生联系人。我校全日制硕士研究生和非全日制硕士研究生的培养和管理均按照教育部有关文件执行
11. 202",2026-09-30,2026-10-09 09:00,2026-10-15 00:00,报名中,1. 考核方式以学院后续通知为准,https://gschool.ecust.edu.cn/2026/0930/c12754a193924/page.htm,,"1. 退役大学生士兵计划
2. ”“
3. 少数民族高层次骨干人才计划
4. 等硕士研究生专项的报考按教育部有关规定执行
5. 初试
6. 初试方式均为笔试
7. 初试时间为202
8. 年12
9. 19
10. 日至12
11. 20
12. 日（每天上午8:30—11:30
13. ，下午
14. 14:00—17:00
15. ）。初试地点详见准考证
16. 其中，医学门类
17. 学术学位及体育、药学等
18. 个专业学位
19. 初试设置三个单元考试科目，即思想政治理论、外国语、专业基础综合
20. 图书情报、
21. 工商管理、公共管理、会计和工程管理",身体健康状况符合国家和我校相关专业规定的体检要求,官网自动采集,2026-09-30 23:11,2026-10-10 14:16,自动识别；申请前必须打开官网逐项复核,8ba873c23819290c57101e1cbfcb32ec5b0bdec9d19fc67b2ff8c4fb61c00ec7,False,8
211,南京航空航天大学,艺术学院/相关设计培养单位,南京航空航天大学2027年接收推荐免试研究生预报名通知,"1. 设计学、设计及相关方向以2027推免专业目录和艺术学院通知为准
2. 院级报名截止时间可能早于学校系统截止时间",2026-07-15,2026-07-15 00:00,2026-09-15 23:59,已截止,"1. 各学院审核申请材料并择优确定综合考核入围名单
2. 未入围综合考核者不再单独通知
3. 综合考核以综合面试为主
4. 学校根据综合考核成绩择优录取
5. 学院具体时间、要求和安排另行通知",https://www.graduate.nuaa.edu.cn/2026/0715/c13502a405484/page.htm,http://yzsbm.nuaa.edu.cn/logon,"1. 所在学校院系教务部门加盖公章的本科学习成绩单，成绩单须反映排名情况
2. 大学英语四级或六级考试成绩单，以及其他能反映英语水平的材料
3. 学术成果：公开发表论文、出版著作、获得专利、获得学术科技奖项、承担课题或其他具有学术水平的成果
4. 各类荣誉、表彰、奖励证书
5. 报考学院要求的其他材料
6. 全部电子材料按编号顺序合并为1个PDF，在报考院系规定时间内通过系统上传",暂未确定是否可获得推免资格的学生可先报名；专业条件以学院为准,校级官网全文已核验；学院细则待更新,2026-08-02 03:16,2026-10-10 14:16,211非985,6098762c2fb4c7d6a252ab35d6537251f235c8cc5ef27a36871594a2fc064846,True,99
211,江南大学,设计学院,江南大学2027年硕士研究生招生简章-江南大学研究生招生信息网,"1. 培养目标及学习方式
2. 硕士生学习方式分为全日制与非全日制
3. 全日制研究生是指全脱产在校学习的研究生；非全日制研究生指在从事其他职业或者社会实践的同时，采取多种方式和灵活时间安排进行非脱产学习的研究生。我校在学术学位及大部分专业学位类别（领域）招收全日制研究生，在专业学位类别（领域）招收非全日制研究生（详见招生专业目录）
4. 硕士生就业方式分为定向就业和非定向就业
5. 原则上全日制硕士生按“非定向就业”类别录取（专项计划除外），非全日制硕士生按“定向就业”类别录取
6. 报考条件
7. 报名参加全国硕士研究生招生考试的人员，须符合下列条件：
8. 拥护中国共产党的领导，遵守中华人民共和国宪法和法律，诚实守信
9. 身心健康状况符合国家和学校招生工作规定
10. 考生学业水平必须符合下列条件之一：
11. （1）国家承认学历的应届本科毕业生（含普通高校、成人高校、普通高校举办的成人高等学历教育等应届本科毕业生）及自学考试和网络教育届时可毕业本科生。考生录取当年我校研究生新生入学报到之日前必须取得国家承认的国（境）内本科毕业证书或经相关专业机构认证的国（境）外教育机构合法学历学位证书，否则录取资格无效
12. （2）具有国家承认的本科毕业学历的人员
13. （3）获得国家承认的高职（专科）毕业学历后满2年（毕业后到录取当年入学前，下同）或2年以上的人员，以及国家承认学历的本科结业生，按本科毕业同等学力身份报考
14. （4）已获硕士、博士研究生学历或学位的人员
15. 不存在其他法律法规或规章规定的不得报考硕士研究生的情形。因违反国家教育考试规定，被给予暂停参加国家教育考试处理且在停考期内的人员，不得报考硕士研究生
16. 在校研究生报考须在报名前征得所在培养单位同意
17. 报名参加工商管理、工程管理硕士中的工程管理[代码为125601]、工业工程与管理[代码为125603]、物流工程与管理[代码为125604]以及教育硕士中的教育管理[代码为045101]专业学位硕士研究生招生考试的人员，须符合下列条件：
18. 符合第（一）条中第1、2、4、5各项的要求
19. 大学本科毕业后有3年以上工作经验的人员；或获得国家承认的高职（专科）毕业学历或大学本科结业后，达到大学本科毕业同等学力并有5年以上工作经验的人员；或获得硕士、博士研究生学历或学位后有2年以上工作经验的人员
20. 报名参加我校单独考试（考试方式为“单独考试”）的人员，须符合下列条件：",2026-09-30,2026-10-09 09:00,2026-10-15 09:00,报名中,1. 考核方式以学院后续通知为准,https://yz.jiangnan.edu.cn/info/1029/3885.htm,https://yz.jiangnan.edu.cn/sszs.htm,"1. 所有考生均须按要求如实填写报名信息并提供真实材料，积极配合签署《考生诚信考试承诺书》并遵守相关约定，认真核对并确认本人报名信息，根据审核工作安排按时提交补充材料，同时按规定缴纳报考费，逾期不得补办
2. 报名期间将对考生学历（学籍）信息进行网上校验，考生可上网查看学历（学籍）校验结果。考生也可在报名前或报名期间自行登录“中国高等教育学生信息网”（网址：http://www.chsi.com.cn）查询本人学历（学籍）信息
3. 未能通过学历（学籍）网上校验的考生，应按我校公告要求完成学历（学籍）核验
4. 考生凭下载打印的《准考证》及有效居民身份证参加初试和复试
5. 考生应诚信参加考试，自觉遵守考试管理各项规定。对在全国硕士研究生招生考试中违规或作弊的考生，按照《中华人民共和国教育法》及《国家教育考试违规处理办法》严肃处理。对在校生，由其所在学校按有关规定给予处分，直至开除学籍；对在职考生，有关部门将通知考生所在单位，由考生所在单位视情节给予党纪或政纪处分；构成违法的，依法追究法律责任，其中构成犯罪的，依法追究刑事责任
6. 对弄虚作假者（含推免生），不论何时，一经查实，即按有关规定取消报考资格、录取资格、入学资格或学籍
7. 我校仅在部分非全日制专业学位招收单独考试考生，详见招生专业目录。我校单独考试各科目不单独命题，均使用统考试卷。报考单独考试的考生于2026年10月22日前将相关材料（本人身份证正反复印件、本科或以上学历认证报告、单位同意报考函、两位专家推荐书）邮寄到我校研究生院招生办公室，逾期未寄达则视为放弃报考资格
8. 考生在报考和录取期间，严禁修改姓名、身份证号等个人信息，若因个人信息修改造成考生不能复试或无法录取、入学的后果，后果由考生本人承担",（1）国家承认学历的应届本科毕业生（含普通高校、成人高校、普通高校举办的成人高等学历教育等应届本科毕业生）及自学考试和网络教育届时可毕业本科生。考生录取当年我校研究生新生入学报到之日前必须取得国家承认的国（境）内本科毕业证书或经相关专业机构认证的国（境）外教育机构合法学历学位证书，否则录取资格无效；已取得国（境）外学历人员凭相关专业机构认证的国（境）外教育机构合法学历学位证书报考；新生应按时报到。不能按时报到者，须有正当理由和有关证明，并向我校请假。无故逾期两周不报到者，取消入学资格。应届本科毕业生及自学考试和网络教育届时可毕业本科生考生，录取当年入学时未取得国家承认的国（境）内高校本科毕业证书或经相关专业机构认证的国（境）外教育机构合法学历学位证书者，录取资格无效,官网自动采集,2026-09-30 23:12,2026-10-10 14:16,自动识别；申请前必须打开官网逐项复核,1be8dd991d9045a6e30abc95fc525b62c04dfb6f58f4f94fb4ee8f2d95d9ba43,False,7
211,江南大学,设计学院,江南大学2027年硕士研究生招生简章-江南大学研究生招生信息网,"1. 培养目标及学习方式
2. 硕士生学习方式分为全日制与非全日制
3. 全日制研究生是指全脱产在校学习的研究生；非全日制研究生指在从事其他职业或者社会实践的同时，采取多种方式和灵活时间安排进行非脱产学习的研究生。我校在学术学位及大部分专业学位类别（领域）招收全日制研究生，在专业学位类别（领域）招收非全日制研究生（详见招生专业目录）
4. 硕士生就业方式分为定向就业和非定向就业
5. 原则上全日制硕士生按“非定向就业”类别录取（专项计划除外），非全日制硕士生按“定向就业”类别录取
6. 报考条件
7. 报名参加全国硕士研究生招生考试的人员，须符合下列条件：
8. 拥护中国共产党的领导，遵守中华人民共和国宪法和法律，诚实守信
9. 身心健康状况符合国家和学校招生工作规定
10. 考生学业水平必须符合下列条件之一：
11. （1）国家承认学历的应届本科毕业生（含普通高校、成人高校、普通高校举办的成人高等学历教育等应届本科毕业生）及自学考试和网络教育届时可毕业本科生。考生录取当年我校研究生新生入学报到之日前必须取得国家承认的国（境）内本科毕业证书或经相关专业机构认证的国（境）外教育机构合法学历学位证书，否则录取资格无效
12. （2）具有国家承认的本科毕业学历的人员
13. （3）获得国家承认的高职（专科）毕业学历后满2年（毕业后到录取当年入学前，下同）或2年以上的人员，以及国家承认学历的本科结业生，按本科毕业同等学力身份报考
14. （4）已获硕士、博士研究生学历或学位的人员
15. 不存在其他法律法规或规章规定的不得报考硕士研究生的情形。因违反国家教育考试规定，被给予暂停参加国家教育考试处理且在停考期内的人员，不得报考硕士研究生
16. 在校研究生报考须在报名前征得所在培养单位同意
17. 报名参加工商管理、工程管理硕士中的工程管理[代码为125601]、工业工程与管理[代码为125603]、物流工程与管理[代码为125604]以及教育硕士中的教育管理[代码为045101]专业学位硕士研究生招生考试的人员，须符合下列条件：
18. 符合第（一）条中第1、2、4、5各项的要求
19. 大学本科毕业后有3年以上工作经验的人员；或获得国家承认的高职（专科）毕业学历或大学本科结业后，达到大学本科毕业同等学力并有5年以上工作经验的人员；或获得硕士、博士研究生学历或学位后有2年以上工作经验的人员
20. 报名参加我校单独考试（考试方式为“单独考试”）的人员，须符合下列条件：",2026-09-30,2026-10-09 09:00,2026-10-15 09:00,报名中,1. 考核方式以学院后续通知为准,https://yz.jiangnan.edu.cn/info/1013/3884.htm,https://yz.jiangnan.edu.cn/sszs.htm,"1. 所有考生均须按要求如实填写报名信息并提供真实材料，积极配合签署《考生诚信考试承诺书》并遵守相关约定，认真核对并确认本人报名信息，根据审核工作安排按时提交补充材料，同时按规定缴纳报考费，逾期不得补办
2. 报名期间将对考生学历（学籍）信息进行网上校验，考生可上网查看学历（学籍）校验结果。考生也可在报名前或报名期间自行登录“中国高等教育学生信息网”（网址：http://www.chsi.com.cn）查询本人学历（学籍）信息
3. 未能通过学历（学籍）网上校验的考生，应按我校公告要求完成学历（学籍）核验
4. 考生凭下载打印的《准考证》及有效居民身份证参加初试和复试
5. 考生应诚信参加考试，自觉遵守考试管理各项规定。对在全国硕士研究生招生考试中违规或作弊的考生，按照《中华人民共和国教育法》及《国家教育考试违规处理办法》严肃处理。对在校生，由其所在学校按有关规定给予处分，直至开除学籍；对在职考生，有关部门将通知考生所在单位，由考生所在单位视情节给予党纪或政纪处分；构成违法的，依法追究法律责任，其中构成犯罪的，依法追究刑事责任
6. 对弄虚作假者（含推免生），不论何时，一经查实，即按有关规定取消报考资格、录取资格、入学资格或学籍
7. 我校仅在部分非全日制专业学位招收单独考试考生，详见招生专业目录。我校单独考试各科目不单独命题，均使用统考试卷。报考单独考试的考生于2026年10月22日前将相关材料（本人身份证正反复印件、本科或以上学历认证报告、单位同意报考函、两位专家推荐书）邮寄到我校研究生院招生办公室，逾期未寄达则视为放弃报考资格
8. 考生在报考和录取期间，严禁修改姓名、身份证号等个人信息，若因个人信息修改造成考生不能复试或无法录取、入学的后果，后果由考生本人承担",（1）国家承认学历的应届本科毕业生（含普通高校、成人高校、普通高校举办的成人高等学历教育等应届本科毕业生）及自学考试和网络教育届时可毕业本科生。考生录取当年我校研究生新生入学报到之日前必须取得国家承认的国（境）内本科毕业证书或经相关专业机构认证的国（境）外教育机构合法学历学位证书，否则录取资格无效；已取得国（境）外学历人员凭相关专业机构认证的国（境）外教育机构合法学历学位证书报考；新生应按时报到。不能按时报到者，须有正当理由和有关证明，并向我校请假。无故逾期两周不报到者，取消入学资格。应届本科毕业生及自学考试和网络教育届时可毕业本科生考生，录取当年入学时未取得国家承认的国（境）内高校本科毕业证书或经相关专业机构认证的国（境）外教育机构合法学历学位证书者，录取资格无效,官网自动采集,2026-09-30 23:12,2026-10-10 14:16,自动识别；申请前必须打开官网逐项复核,4a4d07cebde1603fb6312b7e2c059d341d65c3420918c9df6f25ed6ddfdc6982,False,7
211,江南大学,设计学院,,"1. 【2026-09-17】
2. 江南大学2027年各学院接收推荐免试硕士研究生工作细则
3. 【2026-09-14】
4. 江南大学2027年接收推荐免试研究生管理办法
5. 【2026-08-31】
6. 江南大学接收2027年推荐免试研究生预报名公告
7. 【2026-07-29】
8. 江南大学关于2027年硕士研究生招生专业目录初试科目拟调整情况汇总...
9. 江南大学2026年博士研究生招生简章
10. 【2025-12-12】
11. 江南大学2027年硕士研究生招生简章
12. 【2026-09-30】
13. 江南大学2026年面向香港、澳门、台湾地区招收研究生简章
14. 【2025-12-22】
15. 江南大学2027年本科直博研究生招生专业目录
16. 【2026-09-15】
17. 江南大学2027年硕士研究生招生专业目录
18. 【2026-09-21】
19. 江南大学2026年面向香港、澳门、台湾地区招收研究生专业目录",,,,截止时间待核验,1. 考核方式以学院后续通知为准,https://yz.jiangnan.edu.cn/,https://yz.jiangnan.edu.cn/sszs.htm,1. 申请材料清单待官网正文进一步核验,待核验,官网自动采集；关键字段待人工核验,2026-09-14 13:14,2026-10-10 14:16,自动识别；申请前必须打开官网逐项复核,75161cc3513ab831f271bb1745278b1e23663815d9a3cb3ed866b23b11a52e1c,True,7
211,江南大学,设计学院,江南大学2027年各学院接收推荐免试硕士研究生工作细则-江南大学研究生招生信息网,"1. 下一条：
2. 江南大学2027年接收推荐免试研究生管理办法
3. 关闭
4. 技术支持：
5. 信息化建设管理处
6. 校内备案号：JW备170069
7. 地址：江苏省无锡市蠡湖大道1800号
8. 邮编：214122
9. 联系电话：0510-85197929
10. 服务邮箱：yzb@jiangnan.edu.cn",2026-09-17,,,截止时间待核验,1. 考核方式以学院后续通知为准,https://yz.jiangnan.edu.cn/info/1029/3879.htm,https://yz.jiangnan.edu.cn/sszs.htm,1. 申请材料清单待官网正文进一步核验,待核验,官网自动采集；关键字段待人工核验,2026-09-17 13:07,2026-10-10 14:16,自动识别；申请前必须打开官网逐项复核,e6f85f3d83ba6f6bf62f5c22ba11f6d9d29abfefe734ba4fdb975cd53837c9ef,True,9
211,江南大学,设计学院,江南大学2027年接收推荐免试研究生管理办法-江南大学研究生招生信息网,"1. 学院根据学科、专业（领域）特点，结合报名考生的生源情况，确定各专业（领域）的接收人数。本科直博研究生拟招生人数见“江南大学2027年本科直博研究生招生专业目录”
2. 申请者须具备的条件
3. 拥护中国共产党的领导，愿为祖国建设服务，品德良好，遵纪守法，身心健康、诚实守信
4. 2027年普通高等学校应届本科毕业生，本科期间学习成绩优秀，且在现就读学校取得推免生资格
5. 学术研究兴趣浓厚，有较强的创新意识、创新能力和专业能力倾向
6. 身体健康状况按《普通高等学校招生体检工作指导意见》执行
7. 报考本科直博的考生需由两位报考学科专业领域内的教授或相当专业技术职称的专家推荐
8. 学院规定的其他条件
9. 申请者须提交的材料
10. 本人有效身份证件正、反面
11. 《教育部学籍在线验证报告》（请前往学信网认证）
12. 大学本科阶段成绩单（须加盖学校教务处公章）
13. 英语四六级成绩单（其他英语水平证书）
14. 政治思想情况表
15. 各类获奖证书及能证明科研水平和能力的材料
16. 诚信承诺书（本人签名）
17. 学院要求的其他材料
18. 、申请及接收流程
19. 报名",2026-09-14,,,截止时间待核验,1. 考核方式以学院后续通知为准,https://yz.jiangnan.edu.cn/info/1029/3876.htm,https://yz.jiangnan.edu.cn/sszs.htm,"1. 学院选聘政治过硬、品行优良、业务熟悉、责任心强、无回避关系人员报考且具有相关学科副教授及以上职称或相当专业技术职务的专家或研究生导师成立材料审核专家组（回避关系人员包括：夫妻、直系亲属、三代内旁系血亲和姻亲、利益相关人员），每组不少于3人
2. 每位专家对申请材料进行客观独立打分，汇总形成审核成绩，依据审核成绩择优筛选进入复试的考生名单
3. 学院对进入复试名单的推免生发送复试通知，推免生及时通过“推免服务系统”确认复试。学院在网站公布参加面试考核的考生名单
4. 复试
5. 所有拟录取的推荐免试研究生必须参加复试
6. （1）学院按照学科、专业成立由政治过硬、品行优良、业务熟悉、责任心强、无回避关系人员报考且具有相关学科副教授及以上职称或相当专业技术职务的专家或研究生导师组成的复试小组（回避关系人员包括：夫妻、直系亲属、三代内旁系血亲和姻亲、利益相关人员），复试小组一般不少于5人
7. （2）复试考核可采用面试、笔试或实践（实验）等多种形式，其中面试为必要环节，具体安排见各学院工作细则
8. （3）复试小组成员须现场独立评分（数字型），在评分前可以召开复试小组会议，研究对考生的考察评价意见
9. （4）复试过程中应规范操作，复试全程要录音录像。做好试题保密、复试记录等工作，保证复试的公平、公正和有效性
10. 思想政治素质和品德考核
11. 加强对推免生思想政治素质和品德的考核，把思想政治素质和品德考核结果作为录取的首要依据，考核不通过者不予录取
12. 录取
13. 学院对通过复试的推免生，根据专业接收名额按复试成绩由高到低确定录取名单，并在“推免服务系统”向考生发送待录取通知
14. 收到待录取通知的推免生须及时通过“推免服务系统”确认待录取，否则视为放弃；一经双方确认，不得取消
15. 研究生院招生办公室汇总推免生拟录取名单，报校研究生招生委员会审核。凡被我校拟录取的推免生名单须在我校研究生招生网进行公示，公示时间不少于7日
16. 2027年硕士研究生（含统考生）录取结束后，向拟录取考生发放调档函、录取通知书
17. 被录取的考生入学后参加体检，学院对考生进行严格的入学资格审查，审查合格者方可取得学籍
18. 监督与复议
19. 研究生院、学院、纪检监察部门对综合考核工作进行分层次、全面、有效监督。学校对违反招生纪律的单位和个人，按国家和学校相关规定严肃追究责任。学院研究生招生工作小组对本学院考生综合考核结果负责，研究生院负责对考生提出的质疑进行核实并最终解释
20. 学费
21. 我校按照国家和江苏省规定向所有研究生收取学费，收费标准参见江南大学网站“信息公开”栏目，同时设立奖助学金用于支持学生完成学业",待核验,官网自动采集；关键字段待人工核验,2026-09-14 13:14,2026-10-10 14:16,自动识别；申请前必须打开官网逐项复核,5d5f7ac09062843c48d58ac30c1495f9e66895b56562b8067eb85594405f1e78,True,13
211,江南大学,设计学院,江南大学接收2027年推荐免试研究生预报名公告-江南大学研究生招生信息网,"1. 我校部分博士招生专业接收推荐免试（本科直博）研究生；部分全日制硕士招生专业（领域）接收推荐免试（硕士推免）研究生
2. 在江南大学推荐免试研究生预报名系统的“专业查询”栏目中查看推免接收专业；实际以各学院正式公布的2027年接收推免生工作细则为准
3. 申请程序
4. 每位申请者凭本人身份证号在系统中只能填报一个志愿，即一个学院的一个专业（方向）。请如实慎重填写各项信息，认真核对后提交，提交后将无法再修改
5. 申请者须在预报名时上传以下材料扫描文件，将所有材料扫描按编号顺序合并为1个PDF文件后，以“报考专业+姓名+联系方式”命名：
6. (1)本人有效身份证件正、反面
7. (2)《教育部学籍在线验证报告》（请前往学信网认证）
8. (3)大学本科阶段成绩单（须加盖学校教务处公章）
9. (4)英语四六级成绩单（其他英语水平证书）
10. (5)政治思想情况表（附件1）
11. (6)各类获奖证书及能证明科研水平和能力的材料
12. (7)诚信承诺书（附件2，本人签名）
13. (8)学院要求的其他材料
14. 学院将对申请者提交的材料进行打分，依据材料审核成绩筛选下一轮考核的考生名单，请申请者及时查询申请状态或咨询报考学院。接到复试通知的考生，根据各学院接收推免工作安排，参加学院组织的考核
15. 通过本系统预报名且获得本科就读学校推荐免试资格者，仍须在规定时间内登录“全国推荐免试攻读研究生信息公开管理服务系统”（
16. https://yz.chsi.com.cn/tm
17. ,以下简称“国家推免系统”，开通时间以中国研招网公告为准），按要求填报志愿
18. 学校在国家推免系统中发放复试通知和待录取通知，拟接收推免生应在规定时间内接受并确认，否则视为自动放弃。推免生在国家推免系统只能确认一个招生单位的待录取通知，一旦确认不得更改
19. 未进行预报名的同学仍可登录国家推免系统进行报名，学院根据实际情况择优选拔
20. 学费",2026-08-31,,,截止时间待核验,1. 考核方式以学院后续通知为准,https://yz.jiangnan.edu.cn/info/1029/3865.htm,https://yz.jiangnan.edu.cn/sszs.htm,"1. 每位申请者凭本人身份证号在系统中只能填报一个志愿，即一个学院的一个专业（方向）。请如实慎重填写各项信息，认真核对后提交，提交后将无法再修改
2. (1)本人有效身份证件正、反面
3. (2)《教育部学籍在线验证报告》（请前往学信网认证）
4. (3)大学本科阶段成绩单（须加盖学校教务处公章）
5. (4)英语四六级成绩单（其他英语水平证书）
6. (6)各类获奖证书及能证明科研水平和能力的材料
7. (7)诚信承诺书（附件2，本人签名）
8. 诚信承诺书.pdf",待核验,官网自动采集；关键字段待人工核验,2026-09-01 00:23,2026-10-10 14:16,自动识别；申请前必须打开官网逐项复核,e9fe44f98e9d7cb03365ed21b5341fa05c4c36ba29f39e8a85f57dc97be93fdf,True,10
211,江南大学,设计学院,江南大学设计学院,"1. 03
2. 设计学院2026年博士研究生拟录取名单公示（第四批）
3. 15",,,,截止时间待核验,1. 考核方式以学院后续通知为准,https://sodcn.jiangnan.edu.cn/,,1. 申请材料清单待官网正文进一步核验,待核验,官网自动采集；关键字段待人工核验,2026-08-03 12:07,2026-10-10 14:16,自动识别；申请前必须打开官网逐项复核,8f5bcf8e10f1835c6190ede32e2ce5a02bc3c6a24640750798d19897b5c4687f,True,11
211,江南大学,设计学院,江南大学设计学院2027年接收推荐免试研究生复试名单公示-江南大学设计学院,"1. 工业设计
2. 设计学
3. 设计",2026-09-23,,,截止时间待核验,1. 考核方式以学院后续通知为准,https://sodcn.jiangnan.edu.cn/info/1074/7690.htm,,1. 申请材料清单待官网正文进一步核验,待核验,官网自动采集；关键字段待人工核验,2026-09-23 21:53,2026-10-10 14:16,自动识别；申请前必须打开官网逐项复核,05e57654ce18c90b1e9de4803d98e1bd9321a7394b8afad9d9d318e48cd16341,True,14
211,江南大学,设计学院,江南大学国家卓越工程师学院2027年 接收推荐免试研究生工作（卓工专项）-江南大学设计学院,"1. 专业学位硕士研究生（硕士推免）、学术学位博士研究生（本科直博）、专业学位博士研究生（本科直博）。各卓工项目的招生类别、招生专业及招生指标详见附件1《2027年江南大学卓越工程师培养项目（推免生）清单》及附件2《卓工项目简介》
2. 通过卓工专项招录的研究生采用“工学交替”培养模式，专业学位硕士研究生（硕士推免）
3. 入企实践累计不少于
4. 年，
5. 学术学位博士研究生（本科直博）
6. 专业学位博士研究生（本科直博）
7. 依托联培单位科研课题开展“项目制”人才培养，由校内导师、行业导师组成“双导师”组共同指导专项研究生，强调把工程实践有机嵌入人才培养全过程和各环节，实行工学交替培养模式，突出培养实践创新能力，提升解决复杂工程技术问题能力
8. 联培保障
9. 校企联合成立专项资金，对在企业进行专业实践训练的卓工项目研究生进行专项奖励
10. 根据《省教育厅省人力资源和社会保障厅关于做好江苏省卓越工程师学院工程硕士博士毕业生申报评审工程系列职称工作的通知》（苏教研函〔2025〕8号），江苏省卓越工程师学院的硕士研究生完成培养方案规定的全部环节，经考核合格取得毕业证书和硕士学位证书，满足相关条件的，毕业当年可申请工程师中级职称认定。工程博士毕业生可以提前一年参评高级工程师职称
11. 其他注意事项
12. 本次为专项招生，学生一旦通过考核并确认接受拟录取结果，不得以任何理由放弃，确认拟录取前请务必慎重考虑，确认后不能再做更改
13. 咨询电话",2026-09-14,,,截止时间待核验,1. 考核方式以学院后续通知为准,https://sodcn.jiangnan.edu.cn/info/1074/7677.htm,,1. 申请材料清单待官网正文进一步核验,待核验,官网自动采集；关键字段待人工核验,2026-09-14 23:16,2026-10-10 14:16,自动识别；申请前必须打开官网逐项复核,4d1166cf1a134613731d8ee29c6b202d065030bbc0ccc6a7d0e23bf65b6fce00,True,15
211,江南大学,设计学院,江南大学设计学院 2027年接收推荐免试研究生工作细则-江南大学设计学院,"1. 艺术设计
2. 工业设计
3. 环境设计
4. 设计学
5. 设计
6. 建筑",2026-09-13,,,截止时间待核验,1. 考核方式以学院后续通知为准,https://sodcn.jiangnan.edu.cn/info/1074/7674.htm,,"1. 同时于
2. 9月
3. 16
4. 中午11点前
5. 将（8）-（9）材料（文件合计大小严格控制在30MB以内）发送至电子邮箱：sjxy-yjs@jiangnan.edu.cn，邮件名称：姓名-在读学校-拟报专业-拟报研究方向
6. 通过电子邮件提交相关申请材料，不能替代推免服务系统的任何操作流程和环节，是否录取均以推免服务系统操作为准
7. 预报名考生请下载预报名系统生成的申请意向表，由所在院系审核盖章后在复试时交至报考学院
8. 报名卓工专项的考生，需填报《2027年江南大学卓越工程师培养项目（推免生）报名基本信息表》。报名时间和提交方式见学院网站
9. 综合考核
10. 材料审核
11. 学院成立材料审核专家组，每组不少于3人，按照材料审核工作方案对推免生的申请材料进行审核。材料审核成绩不计入综合考核成绩，审核通过者方可进入复试
12. 复试
13. 学院按学科、专业成立复试小组，每组不少于5人。采用线上面试的方式对考生进行考核。主要考核考生的专业知识结构、综合能力和外语听说能力
14. 复试成绩满分100分，低于60分为不合格
15. 报名卓工专项的考生需经过卓工专项面试，考核时间和方式见学院网站
16. 思想政治素质和品德考核
17. 学院对推免生的思想政治素质和品德进行考核，将其结果作为录取的首要依据。考核结果不作量化计入总成绩，但考核不通过者不予录取
18. 拟录取程序
19. （1）学院对通过综合考核的推免生，根据专业接收名额按复试成绩由高到低确定录取名单，并在“推免服务系统”向推免生发送待录取通知
20. （2）收到待录取通知的推免生须及时通过“推免服务系统”确认待录取，否则视为放弃；一经双方确认，不得取消
21. （3）卓工专项由各卓工项目根据招生计划按面试成绩高低确定拟录取名单
22. （4）研究生院招生办公室汇总推免生拟录取名单后，报校研究生招生委员会审议。凡被我校拟录取的推免生名单须在我校研究生招生网进行公示，公示时间不少于7日
23. （5）2027年硕士研究生（含统考生）录取结束后，向拟录取考生发放调档函、录取通知书
24. （6）被录取的考生入学后参加体检，学院对考生进行严格的入学资格审查，审查合格者方可取得学籍
25. 工作要求
26. （1）学院负责材料审核专家组、复试小组成员的遴选、培训，明确工作纪律、工作程序、评判规则和评判标准，规范其工作行为
27. （2）选聘政治过硬、品行优良、业务熟悉、责任心强、无回避关系人员报考（回避关系人员：本人或直系亲属、非直系亲属和其他利益相关者）且具有相关学科副教授及以上职称或相当专业技术职务的专家或研究生导师承担材料审核、复试等工作。卓工专项面试须有企业专家参与
28. （3）材料审核专家组、复试小组现场独立评分，评分前召开会议，研究对考生的考察评价意见。同一学科（专业）各复试小组的面试方式、时间、试题难度和成绩评定标准原则上应统一
29. （4）综合考核过程规范操作，复试全程录音录像。做好试题保密、随机抽题、随机分组、材料存档等工作，保证考核的公平、公正和有效性",待核验,官网自动采集；关键字段待人工核验,2026-09-13 13:01,2026-10-10 14:16,自动识别；申请前必须打开官网逐项复核,447fab6c5721acd87175e9cf5dad30896e22ae4cd062dfba50b171208f043e75,True,19
211,江南大学,设计学院,江南大学设计学院关于2027年部分硕士研究生招生专业 自命题科目调整的公告-江南大学设计学院,"1. 学院
2. 学院概况
3. 使命愿景
4. 学院领导
5. 管理服务
6. 师资队伍
7. 党建
8. 工作动态
9. 关工委动态
10. 教育
11. 学科专业
12. 本科生教育
13. 研究生教育
14. 国际交流
15. 研究
16. 科研动态
17. 研究领域
18. 研究团队
19. 研究基地
20. 学生",2026-08-03,,,截止时间待核验,1. 考核方式以学院后续通知为准,https://sodcn.jiangnan.edu.cn/info/1074/7653.htm,,1. 申请材料清单待官网正文进一步核验,待核验,官网自动采集；关键字段待人工核验,2026-08-03 12:07,2026-10-10 14:16,自动识别；申请前必须打开官网逐项复核,05c30cbd97c92f84150b014201254322839f09182917d23742753ba9e4fc3087,True,11
211,福州大学,厦门工艺美术学院,福州大学厦门工艺美术学院,"1. 数字媒体艺术
2. 环境艺术设计
3. 艺术与科技
4. 艺术设计
5. 工业设计
6. 视觉传达
7. 设计",,,,截止时间待核验,1. 考核方式以学院后续通知为准,https://art.fzu.edu.cn/,https://art.fzu.edu.cn/zsjy/yjszs.htm,1. 2026年全国大学生工业设计大赛福建赛区获奖名单,诚邀加盟福州大学！欢迎报考2024届福建省教育科研类引进生！；诚邀加盟福大！欢迎报考2023届福建省教育科研类引进生！诚邀加盟福大！欢迎报考2023届福建省教育科研类引进生！；2月21日上午，德国莱茵曼应用技术大学Stephan教授及翻译解闵涵到访我院，我院副院长张健教授，工业设计系洪歆慧主任、刘云老师，视觉传达系李双主任，环境艺术设计系梁青主任，数字媒体艺术系王凌轩老师，科研办郑青主任、张凌宇老师在书瓦间接待了来访客人。首先，张健副院长代表我院对Stephan教授的到来表示热烈的欢迎，并介绍了我院的基本情况，强调我院近几年来非常重视并一直在积极推动国际交流合作，希望能以Stephan教授...；【学期项目】关于2024年韩国全北国立大学交流项目的申请通知一、项目信息1. 交流时间：一学期或一学年2. 授课语言：国际理工学部及国际人文社会学部开设全英文授课课程，具体课程请下载附件了解3. 推荐人数：3人（最终录取结果由全北大学确定）4. 费用：免缴全北国立大学学费，食宿费约1200000韩元/学期（约合6550元人民币） 请有意申请的同学在报名之前仔细阅读招生简章。二、申请条件1. 我校相关专业全日制在读学生2. 具有良...,官网自动采集；关键字段待人工核验,2026-08-30 06:53,2026-10-10 14:16,自动识别；申请前必须打开官网逐项复核,b00fcaa39463d264d0ab858781a69e29ea134e6cfa4f3e0307557b4736f8f9a2,True,10
211,福州大学,厦门工艺美术学院,“留厦来” 福州大学厦门工艺美术学院 2027届毕业生秋季校园招聘会邀请函-福州大学厦门工艺美术学院,"1. 数字媒体艺术
2. 工业设计
3. 视觉传达
4. 环境设计
5. 产品设计
6. 设计学
7. 设计",,,,截止时间待核验,1. 考核方式以学院后续通知为准,https://art.fzu.edu.cn/info/1304/10794.htm,https://art.fzu.edu.cn/zsjy/yjszs.htm,1. 申请材料清单待官网正文进一步核验,待核验,官网自动采集；关键字段待人工核验,2026-09-21 23:24,2026-10-10 14:16,自动识别；申请前必须打开官网逐项复核,f05ab27a193585b36f593726faf0d70f6149871a368963b7ae0a26d542a89476,True,10
